,arima_forecast,garch_forecast
0,2473.6467907441524,1.0460376352798815
1,2478.987726721668,7.032192137101105
2,2489.6396481835172,11.9295281181302
3,2507.548476848059,19.20404347699305
4,2536.1433506032026,30.240097981940952
5,2582.223792511708,48.63145661522724
6,2655.847951621746,77.59532115948124
7,2772.807978447994,123.16017581529357
8,2957.7256050933793,194.58880372689555
9,3251.8541836027775,309.65791258682185
10,3718.026920574816,490.653506012013
11,4457.196374584322,777.977159657008
12,5627.9121638209745,1232.0354605397397
13,7483.701739672357,1953.1140371332413
14,10426.269349901317,3097.0142429919188
15,15091.15064214016,4909.672183743036
16,22486.278477750042,7783.154603743539
17,34211.29417732496,12340.404729740432
18,52799.770813672105,19563.979095950035
19,82268.16643013855,31014.69719605272
20,128984.99165666975,49168.20072211932
21,203045.82675051864,77947.004352146
22,320456.0969007269,123571.15361773863
23,506588.5757293134,195899.3838982863
24,801668.0546704684,310563.1865967094
25,1269463.0251978794,492341.55735958304
26,2011066.8996978607,780517.999761536
27,3186746.125516916,1237370.6665532566
28,5050573.874638275,1961628.4927784742
29,8005338.357910508,3109810.1604946433
30,12689585.99038054,4930044.574115113
31,20115618.274380293,7815699.125164766
32,31888256.543557424,12390384.884631768
33,50551656.64356299,19642726.20513695
34,80139120.23276268,31140008.981330294
35,127044722.46692142,49366883.84910107
36,201405118.780914,78262315.68009557
37,319290152.9358125,124070825.49161373
38,506175672.3429633,196691979.02917394
39,802449051.2373394,311819756.91854316
40,1272137207.4706604,494334142.5153997
41,2016743304.1776228,783677875.3354198
42,3197182349.774276,1242380323.3047533
43,5068556148.613874,1969570554.091336
44,8035282731.451069,3122399877.2073326
45,12738494148.715675,4950003426.891698
46,20194589956.37697,7847340152.276843
47,32014888846.745262,12440546431.781124
48,50753846802.86731,19722248878.70486
49,80461094355.43616,31266078460.984142
50,127556592365.49306,49566744052.37816
51,202218034119.48804,78579157889.158
52,320580321818.2622,124573122011.87735
53,508222440964.97375,197488279903.10083
54,805695272577.4407,313082148614.61206
55,1277284945247.7166,496335437370.0285
56,2024905553703.9292,786850567748.5737
57,3210123565421.517,1247410056487.9087
58,5089073556112.732,1977544292150.4717
59,8067810828593.383,3135040804807.6777
60,12790063034571.734,4970043344576.712
61,20276344588466.18,7879109837771.206
62,32144497550144.79,12490911553799.307
63,50959319529225.625,19802093720903.445
64,80786835845162.53,31392658097252.645
65,128072998348675.19,49767413299871.766
66,203036704365120.12,78897282889753.61
67,321878177688368.7,125077451984064.97
68,510279959459164.4,198287804368200.03
69,808957099533518.1,314349650856100.8
70,1282455986669963.8,498344834208068.8
71,2033103311281546.5,790036105036277.9
72,3223119637094271.0,1252460152923537.2
73,5109676491784438.0,1985550311766092.2
74,8100473079005846.0,3147732908988689.5
75,1.2841843159582748e+16,4990164393022763.0
76,2.035843266521521e+16,7911008141218920.0
77,3.227463343335047e+16,1.2541480576859736e+16
78,5.116562656795024e+16,1.9882261811895332e+16
79,8.111389855123114e+16,3.1519750186921856e+16
80,1.2859149744685792e+17,4.996889494994798e+16
81,2.0385869143228794e+17,7.921669580855195e+16
82,3.231812903466609e+17,1.2558382371894309e+17
83,5.123458102095437e+17,1.990905656805741e+17
84,8.122321343469632e+17,3.156222845365723e+17
85,1.2876479653381087e+18,5.003623660194612e+17
86,2.0413342596601871e+18,7.932345388609048e+17
87,3.236168325376283e+18,1.2575306944995126e+18
88,5.130362840190661e+18,1.9935887434746778e+18
89,8.133267563870855e+18,3.1604763967138975e+18
90,1.2893832917099373e+19,5.010366900836452e+18
91,2.0440853075163275e+19,7.943035583843978e+18
92,3.2405296169636397e+19,1.2592254326859538e+19
93,5.1372768836041515e+19,1.996275446062856e+19
94,8.144228536180575e+19,3.1647356804516897e+19
95,1.2911209567315368e+20,5.017119229151037e+19
96,2.0468400628810623e+20,7.95374018594958e+19
97,3.244896786139059e+20,1.2609224548226263e+20
98,5.144200244876404e+20,1.9989657694433477e+20
99,8.155204280279501e+20,3.1690007043044796e+20
100,1.2928609635546374e+21,5.023880657385563e+20
101,2.0495985307508925e+21,7.964459214341589e+20
102,3.249269840823596e+21,1.2626217639875445e+21
103,5.151132936564825e+21,2.0016597184957902e+21
104,8.166194816075145e+21,3.1732714760080526e+21
105,1.2946033153352174e+22,5.03065119780373e+21
106,2.052360716129055e+22,7.975192688461893e+21
107,3.253648788948983e+22,1.2643233632628712e+22
108,5.158074971243753e+22,2.0043572981063983e+22
109,8.177200163501857e+22,3.1775480033086255e+22
110,1.2963480152335092e+23,5.037430862685769e+22
111,2.0551266240255303e+23,7.985940627778589e+22
112,3.258033638457643e+23,1.2660272557349229e+23
113,5.165026361504468e+23,2.0070585131679724e+23
114,8.188220342520846e+23,3.181830293962851e+23
115,1.2980950664140037e+24,5.044219664328458e+23
116,2.0578962594570488e+24,7.996703051786009e+23
117,3.262424397302699e+24,1.2677334444941749e+24
118,5.171987119955219e+24,2.0097633685799042e+24
119,8.199255373120228e+24,3.186118355737836e+24
120,1.2998444720454568e+25,5.05101761504515e+24
121,2.0606696274471033e+25,8.007479980004755e+24
122,3.2668210734479968e+25,1.2694419326352675e+25
123,5.178957259221249e+25,2.0124718692481907e+25
124,8.210305275315054e+25,3.1904121964111556e+25
125,1.301596235300895e+26,5.057824727165789e+25
126,2.0634467330259568e+26,8.01827143198174e+25
127,3.2712236748681124e+26,1.2711527232570129e+26
128,5.185936791944815e+26,2.0151840200854396e+26
129,8.221370069147343e+26,3.194711823770865e+26
130,1.3033503593576203e+27,5.0646410130369375e+26
131,2.0662275812306504e+27,8.029077427290217e+26
132,3.2756322095483703e+27,1.2728658194623976e+27
133,5.192925730785212e+27,2.0178998260108802e+27
134,8.232449774686137e+27,3.199017245615518e+27
135,1.3051068473972178e+28,5.071466485021799e+27
136,2.0690121771050143e+28,8.039897985529822e+27
137,3.2800466854848537e+28,1.2745812243585916e+28
138,5.199924088418794e+28,2.0206192919503687e+28
139,8.243544412027512e+28,3.203328469754175e+28
140,1.3068657026055595e+29,5.078301155500236e+28
141,2.0718005256996763e+29,8.050733126326598e+28
142,3.284467110684426e+29,1.2762989410569514e+29
143,5.206931877539e+29,2.0233424228364038e+29
144,8.254654001294631e+29,3.207645504006423e+29
145,1.3086269281728106e+30,5.085145036868793e+29
146,2.074592632072069e+30,8.061582869333038e+29
147,3.2888934931647373e+30,1.2780189726730257e+30
148,5.213949110856374e+30,2.0260692236081268e+30
149,8.26577856263778e+30,3.211968356202383e+30
150,1.3103905272934367e+31,5.091998141540724e+30
151,2.0773885012864433e+31,8.072447234228128e+30
152,3.293325840954246e+31,1.2797413223265644e+31
153,5.2209758010985915e+31,2.0287996992113394e+31
154,8.276918116234398e+31,3.2162970341827354e+31
155,1.3121565031662076e+32,5.098860481946015e+31
156,2.080188138413874e+32,8.083326240717368e+31
157,3.297764162092229e+32,1.2814659931415196e+32
158,5.2280119610104816e+32,2.0315338545985068e+32
159,8.288072682289116e+32,3.220631545798722e+32
160,1.3139248589942045e+33,5.1057320705313975e+32
161,2.0829915485322686e+33,8.094219908532816e+32
162,3.302208464628795e+33,1.2831929882460543e+33
163,5.235057603354044e+33,2.034271694728768e+33
164,8.299242281033794e+33,3.2249718989121656e+33
165,1.3156955979848244e+34,5.112612919760378e+33
166,2.08579873672638e+34,8.105128257433119e+33
167,3.306658756624907e+34,1.284922310772547e+34
168,5.242112740908483e+34,2.0370132245679464e+34
169,8.31042693272756e+34,3.229318101395487e+34
170,1.3174687233497884e+35,5.119503042113264e+34
171,2.0886097080878133e+35,8.116051307203563e+34
172,3.311115046152387e+35,1.2866539638575983e+35
173,5.249177386470223e+35,2.039758449088558e+35
174,8.32162665765684e+35,3.2336701611317137e+35
175,1.3192442383051441e+36,5.126402450087178e+35
176,2.0914244677150342e+36,8.126989077656082e+35
177,3.315577341293937e+36,1.2883879506420348e+36
178,5.256251552852934e+36,2.042507373269818e+36
179,8.332841476135409e+36,3.2380280860144993e+36
180,1.3210221460712749e+37,5.133311156196087e+36
181,2.0942430207133807e+37,8.137941588629325e+36
182,3.3200456501431504e+37,1.2901242742709168e+37
183,5.263335252887553e+37,2.045260002097654e+37
184,8.344071408504406e+37,3.242391883948133e+37
185,1.3228024498729028e+38,5.14022917297082e+37
186,2.0970653721950703e+38,8.148908859988666e+37
187,3.3245199808045304e+38,1.2918629378935426e+38
188,5.270428499422311e+38,2.0480163405647125e+38
189,8.355316475132392e+38,3.246761562847558e+38
190,1.324585152939097e+39,5.147156512959097e+38
191,2.099891527279211e+39,8.159890911626259e+38
192,3.329000341393501e+39,1.293603944663455e+39
193,5.277531305322755e+39,2.0507763936703683e+39
194,8.366576696415377e+39,3.2511371306383843e+39
195,1.3263702585032778e+40,5.154093188725548e+39
196,2.1027214910918086e+40,8.170887763461064e+39
197,3.3334867400364234e+40,1.2953472977384469e+40
198,5.284643683471766e+40,2.0535401664207333e+40
199,8.377852092776852e+40,3.2555185952569025e+40
200,1.3281577698032226e+41,5.161039212851731e+40
201,2.1055552687657778e+41,8.181899435438878e+40
202,3.3379791848706094e+41,1.297093000280566e+41
203,5.291765646769591e+41,2.0563076638286664e+41
204,8.38914268466784e+41,3.2599059646500976e+41
205,1.3299476900810731e+42,5.167994597936165e+41
206,2.108392865440951e+42,8.192925947532389e+41
207,3.342477684044339e+42,1.2988410554561225e+42
208,5.298897208133863e+42,2.059078890913783e+42
209,8.400448492566922e+42,3.2642992467756677e+42
210,1.3317400225833398e+43,5.174959356594347e+42
211,2.1112342862640862e+43,8.203967319741195e+42
212,3.3469822457168727e+43,1.300591466435693e+43
213,5.306038380499619e+43,2.061853852702461e+43
214,8.411769536980274e+43,3.268698449602031e+43
215,1.3335347705609086e+44,5.181933501458772e+43
216,2.1140795363888787e+44,8.215023572091849e+43
217,3.3514928780584664e+44,1.3023442363941274e+44
218,5.3131891768193326e+44,2.064632554227855e+44
219,8.423105838441715e+44,3.2731035811083484e+44
220,1.3353319372690468e+45,5.1889170451789636e+44
221,2.1169286209759695e+45,8.226094724637892e+44
222,3.3560095892503885e+45,1.3040993685105542e+45
223,5.320349610062933e+45,2.0674150005299006e+45
224,8.434457417512734e+45,3.277514649284533e+45
225,1.3371315259674089e+46,5.1959100004214914e+45
226,2.1197815451929537e+46,8.237180797459897e+45
227,3.3605323874849317e+46,1.3058568659683864e+46
228,5.327519693217826e+46,2.0702011966553276e+46
229,8.445824294782526e+46,3.2819316621312645e+46
230,1.338933539920041e+47,5.202912379869996e+46
231,2.12263831421439e+47,8.248281810665488e+46
232,3.3650612809654272e+47,1.3076167319553265e+47
233,5.334699439288919e+47,2.072991147657664e+47
234,8.457206490868033e+47,3.2863546276600043e+47
235,1.3407379823953891e+48,5.2099241962252066e+47
236,2.125498933221812e+48,8.259397784389393e+47
237,3.3695962779062664e+48,1.309378969663374e+48
238,5.341888861298652e+48,2.075784858597251e+48
239,8.468604026413991e+48,3.290783553893013e+48
240,1.3425448566663043e+49,5.216945462204977e+48
241,2.1283634074037357e+49,8.270528738793479e+48
242,3.374137386532907e+49,1.311143582288829e+49
243,5.349087972287008e+49,2.0785823345412485e+49
244,8.480016922092951e+49,3.2952184488633613e+49
245,1.3443541660100481e+50,5.223976190544294e+49
246,2.1312317419556704e+50,8.281674694066777e+49
247,3.378684615081895e+50,1.3129105730323007e+50
248,5.35629678531155e+50,2.0813835805636457e+50
249,8.491445198605326e+50,3.2996593206149467e+50
250,1.3461659137082984e+51,5.231016393995311e+50
251,2.1341039420801254e+51,8.292835670425533e+50
252,3.383237971800873e+51,1.3146799450987103e+51
253,5.363515313447431e+51,2.0841886017452693e+51
254,8.502888876679423e+51,3.304106177202506e+51
255,1.347980103047156e+52,5.238066085327364e+51
256,2.1369800129866236e+52,8.304011688113233e+51
257,3.3877974649486014e+52,1.3164517016972993e+52
258,5.370743569787432e+52,2.0869974031737934e+52
259,8.514347977071491e+52,3.308559026691631e+52
260,1.34979673731715e+53,5.245125277327e+52
261,2.1398599598917063e+53,8.315202767400647e+52
262,3.3923631027949706e+53,1.3182258460416327e+53
263,5.3779815674419745e+53,2.089809989943749e+53
264,8.525822520565742e+53,3.3130178771587845e+53
265,1.3516158198132438e+54,5.252193982797996e+53
266,2.1427437880189455e+54,8.32640892858586e+53
267,3.396934893621013e+54,1.3200023813496073e+54
268,5.385229319539148e+54,2.0926263671565318e+54
269,8.537312527974405e+54,3.3174827366913124e+54
270,1.3534373538348423e+55,5.259272214561385e+54
271,2.1456315025989545e+55,8.337630191994316e+54
272,3.401512845718926e+55,1.321781310843457e+55
273,5.39248683922474e+55,2.0954465399204147e+55
274,8.54881802013776e+55,3.321953613387462e+55
275,1.3552613426857966e+56,5.266359985455481e+55
276,2.1485231088693944e+56,8.348866577978851e+55
277,3.4060969673920783e+56,1.3235626377497572e+56
278,5.399754139662247e+56,2.098270513350552e+56
279,8.560339017924164e+56,3.326430515356391e+56
280,1.3570877896744097e+57,5.273457308335898e+56
281,2.1514186120749857e+57,8.36011810691973e+56
282,3.410687266955032e+57,1.325346365299433e+57
283,5.407031234032912e+57,2.1010982925689945e+57
284,8.571875542230104e+57,3.330913450718189e+57
285,1.358916698113444e+58,5.2805641960755736e+57
286,2.154318017467516e+58,8.37138479922468e+57
287,3.415283752733551e+58,1.3271324967277622e+58
288,5.414318135535738e+58,2.1039298827046936e+58
289,8.583427613980228e+58,3.335402427603887e+58
290,1.3607480713201252e+59,5.287680661564797e+58
291,2.157221330305851e+59,8.382666675328936e+58
292,3.419886433064621e+59,1.3289210352743835e+59
293,5.421614857387514e+59,2.106765288893513e+59
294,8.594995254127378e+59,3.3398974541554722e+59
295,1.3625819126161503e+60,5.294806717711226e+59
296,2.160128555855944e+60,8.393963755695266e+59
297,3.424495316296464e+60,1.3307119841833012e+60
298,5.428921412822844e+60,2.109604516278239e+60
299,8.606578483652639e+60,3.344398538525908e+60
300,1.364418225327693e+61,5.3019423774399146e+60
301,2.163039699390844e+61,8.405276060814021e+60
302,3.429110410788552e+61,1.3325053467028916e+61
303,5.43623781509417e+61,2.112447570008588e+61
304,8.618177323565373e+61,3.348905688879143e+61
305,1.3662570127854093e+62,5.309087653693337e+61
306,2.165954766190708e+62,8.416603611203168e+61
307,3.4337317249116236e+62,1.3343011260859096e+62
308,5.443564077471792e+62,2.115294455241217e+62
309,8.629791794903253e+62,3.3534189133901302e+62
310,1.3680982783244443e+63,5.316242559431411e+62
311,2.1688737615428088e+63,8.42794642740832e+62
312,3.438359267047697e+63,1.3360993255894925e+63
313,5.4509002132438914e+63,2.1181451771397325e+63
314,8.641421918732301e+63,3.357938220244837e+63
315,1.3699420252844366e+64,5.3234071076315145e+63
316,2.1717966907415425e+64,8.43930453000278e+63
317,3.4429930455900875e+64,1.3378999484751678e+64
318,5.45824623571656e+64,2.120999740874698e+64
319,8.653067716146935e+64,3.3624636176402653e+64
320,1.3717882570095273e+65,5.33058131128852e+64
321,2.174723559088443e+65,8.45067793958758e+64
322,3.447633068943422e+65,1.3397029980088577e+65
323,5.465602158213823e+65,2.123858151623648e+65
324,8.664729208269998e+65,3.3669951137844627e+65
325,1.3736369768483626e+66,5.337765183414811e+65
326,2.177654371892187e+66,8.462066676791514e+65
327,3.452279345523654e+66,1.3415084774608874e+66
328,5.47296799407766e+66,2.1267204145710936e+66
329,8.676406416252798e+66,3.371532716896538e+66
330,1.3754881881541025e+67,5.344958737040307e+66
331,2.1805891344686068e+67,8.473470762271175e+66
332,3.4569318837580783e+67,1.3433163901059878e+67
333,5.480343756668032e+67,2.1295865349085315e+67
334,8.688099361275154e+67,3.3760764352066775e+67
335,1.3773418942844259e+68,5.3521619852124876e+67
336,2.183527852140698e+68,8.484890216710996e+67
337,3.461590692085348e+68,1.3451267392233039e+68
338,5.487729459362904e+68,2.132456517834457e+68
339,8.699808064545422e+68,3.38062627695616e+68
340,1.3791980986015364e+69,5.359374940996416e+68
341,2.1864705302386296e+69,8.496325060823285e+68
342,3.466255778955486e+69,1.3469395280963991e+69
343,5.495125115558272e+69,2.135330368554369e+69
344,8.711532547300541e+69,3.385182250397368e+69
345,1.381056804472169e+70,5.366597617474764e+69
346,2.1894171740997552e+70,8.507775315348265e+69
347,3.4709271528299086e+70,1.3487547600132637e+70
348,5.502530738668184e+70,2.1382080922807844e+70
349,8.723272830806077e+70,3.389744363793809e+70
350,1.3829180152675965e+71,5.373830027747835e+70
351,2.19236778906862e+71,8.51924100105411e+70
352,3.475604822181429e+71,1.3505724382663172e+71
353,5.509946342124765e+71,2.1410896942332429e+71
354,8.735028936356244e+71,3.3943126254201236e+71
355,1.3847817343636333e+72,5.381072184933583e+71
356,2.1953223804969723e+72,8.530722138736979e+71
357,3.4802887954942825e+72,1.352392566152417e+72
358,5.517371939378245e+72,2.143975179638318e+72
359,8.746800885273964e+72,3.398887043562107e+72
360,1.3866479651406457e+73,5.388324102167646e+72
361,2.1982809537437735e+73,8.54221874922106e+72
362,3.4849790812641384e+73,1.3542151469728636e+73
363,5.524807543896976e+73,2.1468645537296294e+73
364,8.758588698910889e+73,3.403467626516718e+73
365,1.3885167109835534e+74,5.395585792603361e+73
366,2.2012435141752059e+74,8.553730853358606e+73
367,3.489675687998114e+74,1.3560401840334066e+74
368,5.532253169167464e+74,2.1497578217478472e+74
369,8.770392398647445e+74,3.4080543825920996e+74
370,1.3903879752818392e+75,5.402857269411792e+74
371,2.2042100671646845e+75,8.565258472029971e+74
372,3.4943786242147915e+75,1.3578676806442506e+75
373,5.539708828694391e+75,2.152654988940706e+75
374,8.782212005892878e+75,3.4126473201075896e+75
375,1.3922617614295534e+76,5.4101385457817564e+75
376,2.2071806180928655e+76,8.576801626143649e+75
377,3.499087898444234e+76,1.359697640120061e+76
378,5.547174536000636e+76,2.155556060563011e+76
379,8.794047542085281e+76,3.417246447393738e+76
380,1.3941380728253206e+77,5.417429634919841e+76
381,2.2101551723476575e+77,8.58836033663631e+76
382,3.5038035192280025e+77,1.3615300657799713e+77
383,5.554650304627308e+77,2.1584610418766523e+77
384,8.805899028691647e+77,3.4218517727923234e+77
385,1.3960169128723456e+78,5.424730550050435e+77
386,2.213133735324229e+78,8.599934624472846e+77
387,3.5085254951191647e+78,1.3633649609475866e+78
388,5.562136148133757e+78,2.1613699381506077e+78
389,8.817766487207885e+78,3.4264633046563635e+78
390,1.3978982849784191e+79,5.432041304415746e+78
391,2.216116312425019e+79,8.611524510646393e+78
392,3.513253834682317e+79,1.3652023289509922e+79
393,5.5696320800976104e+79,2.1642827546609572e+79
394,8.829649939158883e+79,3.431081051350134e+79
395,1.3997821925559244e+80,5.439361911275829e+79
396,2.2191029090597487e+80,8.623130016178387e+79
397,3.517988546493599e+80,1.367042173122758e+80
398,5.577138114114796e+80,2.167199496690892e+80
399,8.84154940609854e+80,3.435705021249184e+80
400,1.4016686390218448e+81,5.446692383908611e+80
401,2.2220935306454298e+81,8.634751162118591e+80
402,3.5227296391407086e+81,1.3688844967999456e+81
403,5.584654263799564e+81,2.170120169530723e+81
404,8.853464909609797e+81,3.4403352227403504e+81
405,1.403557627797767e+82,5.454032735609913e+81
406,2.2250881826063723e+82,8.646387969545134e+81
407,3.5274771212229136e+82,1.3707293033241134e+82
408,5.592180542784507e+82,2.1730447784778894e+82
409,8.865396471304683e+82,3.44497166422177e+82
410,1.40544916230989e+83,5.461382979693472e+82
411,2.228086870374199e+83,8.658040459564559e+82
412,3.532231001351075e+83,1.372576596041324e+83
413,5.599716964720595e+83,2.1759733288369713e+83
414,8.877344112824352e+83,3.4496143541029013e+83
415,1.4073432459890295e+84,5.468743129490968e+83
416,2.2310895993878506e+84,8.669708653311843e+83
417,3.536991288147656e+84,1.3744263783021476e+84
418,5.6072635432771936e+84,2.178905825919697e+84
419,8.889307855839126e+84,3.454263300804533e+84
420,1.4092398822706249e+85,5.476113198352051e+84
421,2.2340963750935997e+85,8.681392571950453e+84
422,3.5417579902467404e+85,1.376278653461672e+85
423,5.61482029214209e+85,2.1818422750449528e+85
424,8.901287722048529e+85,3.458918512758804e+85
425,1.4111390745947459e+86,5.4834931996443574e+85
426,2.2371072029450562e+86,8.693092236672376e+85
427,3.5465311162940473e+86,1.378133424879505e+86
428,5.622387225021516e+86,2.184782681538793e+86
429,8.913283733181328e+86,3.463579998409213e+86
430,1.4130408264060973e+87,5.49088314675354e+86
431,2.2401220884031817e+87,8.704807668698156e+86
432,3.5513106749469493e+87,1.3799906959197823e+87
433,5.629964355640181e+87,2.1877270507344513e+87
434,8.92529591099558e+87,3.468247766210646e+87
435,1.414945141154028e+88,5.498283053083297e+87
436,2.2431410369362974e+88,8.716538889276943e+87
437,3.556096674874485e+88,1.3818504699511746e+88
438,5.6375516977412845e+88,2.1906753879723472e+88
439,8.937324277278656e+88,3.4729218246293755e+88
440,1.4168520222925335e+89,5.505692932055381e+88
441,2.2461640540200925e+89,8.728285919686516e+88
442,3.5608891247573757e+89,1.3837127503468907e+89
443,5.645149265086549e+89,2.1936276986000975e+89
444,8.949368853847294e+89,3.477602182143088e+89
445,1.4187614732802655e+90,5.51311279710964e+89
446,2.249191145137637e+90,8.740048781233332e+89
447,3.5656880332880425e+90,1.3855775404846867e+90
448,5.652757071456245e+90,2.1965839879725267e+90
449,8.96142966254763e+90,3.4822888472408917e+90
450,1.4206734975805364e+91,5.520542661704027e+90
451,2.25222231577939e+91,8.751827495252563e+90
452,3.5704934091706205e+91,1.38744484374687e+91
453,5.660375130649214e+91,2.199544261451675e+91
454,8.973506725255248e+91,3.48698182842334e+91
455,1.4225880986613258e+92,5.527982539314641e+91
456,2.2552575714432093e+92,8.763622083108132e+91
457,3.575305261120975e+92,1.3893146635203065e+92
458,5.668003456482891e+92,2.20250852440681e+92
459,8.98560006387521e+92,3.4916811342024385e+92
460,1.4245052799952873e+93,5.535432443435737e+92
461,2.2582969176343627e+93,8.775432566192756e+92
462,3.5801235978667172e+93,1.3911870031964268e+93
463,5.675642062793337e+93,2.205476782214434e+93
464,8.997709700342095e+93,3.4963867731016666e+93
465,1.4264250450597544e+94,5.542892387579757e+93
466,2.2613403598655368e+94,8.787258965927982e+93
467,3.5849484281472205e+94,1.3930618661712316e+94
468,5.683290963435253e+94,2.2084490402582944e+94
469,9.009835656620044e+94,3.501098753655986e+94
470,1.4283473973367464e+95,5.5503623852773505e+94
471,2.264387903656847e+95,8.799101303764221e+94
472,3.5897797607136357e+95,1.394939255845298e+95
473,5.690950172282017e+95,2.2114253039293965e+95
474,9.021977954702802e+95,3.5058170844118675e+95
475,1.4302723403129762e+96,5.557842450077405e+95
476,2.26743955453585e+96,8.8109596011808e+95
477,3.5946176043289095e+96,1.3968191756237873e+96
478,5.698619703225705e+96,2.2144055786260096e+96
479,9.034136616613756e+96,3.510541773927296e+96
480,1.4321998774798555e+97,5.565332595547071e+96
481,2.2704953180375504e+97,8.82283387968599e+96
482,3.599461967767795e+97,1.3987016289164485e+97
483,5.706299570177109e+97,2.2173898697536786e+97
484,9.046311664405966e+97,3.5152728307717885e+97
485,1.4341300123335e+98,5.572832835271776e+97
486,2.2735551997044112e+98,8.834724160817047e+97
487,3.6043128598168734e+98,1.400586619137626e+98
488,5.713989787065773e+98,2.220378182725232e+98
489,9.058503120162216e+98,3.5200102635264136e+98
490,1.4360627483747387e+99,5.580343182855257e+98
491,2.276619205086367e+99,8.84663046614025e+98
492,3.6091702892745643e+99,1.4024741497062662e+99
493,5.721690367840008e+99,2.2233705229607944e+99
494,9.07071100599505e+99,3.5247540807838023e+99
495,1.4379980891091172e+100,5.587863651919589e+99
496,2.2796873397408303e+100,8.858552817250947e+99
497,3.614034264951148e+100,1.4043642240459226e+100
498,5.729401326466932e+100,2.226366895887794e+100
499,9.082935344046816e+100,3.529504291148168e+100
500,1.4399360380469066e+101,5.595394256105203e+100
501,2.282759609232704e+101,8.870491235773588e+100
502,3.618904795668776e+101,1.406256845584763e+101
503,5.737122676932476e+101,2.229367306940974e+101
504,9.095176156489695e+101,3.5342609032353166e+101
505,1.4418765987031076e+102,5.602935009070909e+101
506,2.28583601913439e+102,8.882445743361762e+101
507,3.6237818902614895e+102,1.4081520177555744e+102
508,5.744854433241427e+102,2.232371761562402e+102
509,9.107433465525756e+102,3.539023925672668e+102
510,1.4438197745974588e+103,5.610485924493932e+102
511,2.2889165750258e+103,8.894416361698246e+102
512,3.628665557575236e+103,1.410049743995771e+103
513,5.7525966094174406e+103,2.2353802652014787e+103
514,9.119707293386986e+103,3.5437933670992675e+103
515,1.4457655692544418e+104,5.6180470160699244e+103
516,2.2920012824943668e+104,8.906403112495034e+103
517,3.633555806467884e+104,1.4119500277473995e+104
518,5.760349219503075e+104,2.2383928233149507e+104
519,9.131997662335332e+104,3.548569236165804e+104
520,1.4477139862032882e+105,5.6256182975129944e+104
521,2.2950901471350517e+105,8.918406017493383e+104
522,3.638452645809238e+105,1.4138528724571444e+105
523,5.768112277559812e+105,2.2414094413669157e+105
524,9.144304594662745e+105,3.5533515415346233e+105
525,1.4496650289779857e+106,5.633199782555736e+105
526,2.2981831745503566e+106,8.930425098463846e+105
527,3.6433560844810593e+106,1.4157582815763358e+106
528,5.775885797668084e+106,2.244430124828838e+106
529,9.15662811269122e+106,3.558140291879747e+106
530,1.4516187011172849e+107,5.64079148494925e+106
531,2.3012803703503344e+107,8.942460377206319e+106
532,3.648266131377076e+107,1.4176662585609554e+107
533,5.783669793927298e+107,2.247454879179554e+107
534,9.168968238772831e+107,3.562935495886886e+107
535,1.4535750061647056e+108,5.6483934184631684e+107
536,2.304381740152598e+108,8.954511875550082e+107
537,3.653182795403003e+108,1.419576806871642e+108
538,5.791464280455865e+108,2.2504837099052846e+108
539,9.181324995289775e+108,3.567737162253455e+108
540,1.4555339476685424e+109,5.656005596885678e+108
541,2.307487289582331e+109,8.966579615353821e+108
542,3.6581060854765578e+109,1.4214899299736982e+109
543,5.799269271391219e+109,2.2535166224996436e+109
544,9.193698404654417e+109,3.5725452996885914e+109
545,1.4574955291818724e+110,5.6636280340235506e+109
546,2.3105970242722974e+110,8.97866361850569e+109
547,3.663036010527474e+110,1.4234056313370964e+110
548,5.80708478088985e+110,2.2565536224636482e+110
549,9.206088489309322e+110,3.577359916913169e+110
550,1.459459754262561e+111,5.671260743702162e+110
551,2.3137109498628535e+111,8.99076390692334e+110
552,3.6679725794975234e+111,1.4253239144364865e+111
553,5.814910823127327e+111,2.259594715305731e+111
554,9.218495271727306e+111,3.5821810226598174e+111
555,1.461426626473269e+112,5.678903739765525e+111
556,2.3168290720019564e+112,9.002880502553959e+111
557,3.6729158013405247e+112,1.4272447827511999e+112
558,5.822747412298319e+112,2.262639906541746e+112
559,9.230918774411463e+112,3.5870086256729293e+112
560,1.463396149381457e+113,5.686557036076305e+112
561,2.3199513963451738e+113,9.01501342737431e+112
562,3.677865685022364e+113,1.4291682397652572e+113
563,5.830594562616628e+113,2.2656892016949813e+113
564,9.243359019895221e+113,3.5918427347086866e+113
565,1.4653683265593946e+114,5.694220646515851e+113
566,2.323077928555697e+114,9.027162703390777e+113
567,3.6828222395210123e+114,1.431094288967375e+114
568,5.838452288315209e+114,2.2687426062961697e+114
569,9.25581603074237e+114,3.59668335853507e+114
570,1.4673431615841655e+115,5.701894584984218e+114
571,2.326208674304348e+115,9.039328352639397e+114
572,3.687785473826538e+115,1.4330229338509708e+115
573,5.846320603646201e+115,2.271800125883496e+115
574,9.268289829547111e+115,3.6015305059318765e+115
575,1.469320658037673e+116,5.709578865400197e+115
576,2.329343639269591e+116,9.051510397185908e+115
577,3.692755396941125e+116,1.43495417791417e+116
578,5.8541995228809466e+116,2.2748617660026094e+116
579,9.280780438934095e+116,3.606384185690734e+116
580,1.4713008195066494e+117,5.7172735017013344e+116
581,2.3324828291375449e+117,9.063708859125785e+116
582,3.6977320178790924e+117,1.4368880246598132e+117
583,5.862089060310028e+117,2.2779275322066336e+117
584,9.293287881558467e+117,3.611244406615123e+117
585,1.4732836495826605e+118,5.724978507843963e+117
586,2.335626249601991e+118,9.075923760584284e+117
587,3.7027153456669063e+118,1.4388244775954617e+118
588,5.869989230243283e+118,2.280997430056176e+118
589,9.3058121801059e+118,3.616111177520386e+118
590,1.475269151862111e+119,5.732693897803221e+118
591,2.3387739063643817e+119,9.088155123716471e+118
592,3.707705389343193e+119,1.4407635402334026e+119
593,5.877900047009827e+119,2.284071465119335e+119
594,9.318353357292633e+119,3.620984507233741e+119
595,1.4772573299462523e+120,5.740419685573079e+119
596,2.3419258051338546e+120,9.100402970707267e+119
597,3.712702157958764e+120,1.4427052160906564e+120
598,5.885821524958097e+120,2.2871496429717165e+120
599,9.330911435865529e+120,3.6258644045943077e+120
600,1.479248187441191e+121,5.74815588516637e+120
601,2.3450819516272423e+121,9.112667323771506e+120
602,3.71770566057663e+121,1.444649508688985e+121
603,5.893753678455865e+121,2.290231969196439e+121
604,9.343486438602107e+121,3.6307508784531186e+121
605,1.4812417279578924e+122,5.755902510614813e+121
606,2.3482423515690808e+122,9.124948205153949e+121
607,3.722715906272012e+122,1.4465964215548955e+122
608,5.90169652189026e+122,2.293318449384145e+122
609,9.356078388310576e+122,3.63564393767313e+122
610,1.4832379551121883e+123,5.763659575969034e+122
611,2.3514070106916216e+123,9.13724563712934e+122
612,3.727732904132365e+123,1.448545958219648e+123
613,5.909650069667809e+123,2.2964090891330134e+123
614,9.368687307829887e+123,3.640543591129248e+123
615,1.4852368725247832e+124,5.771427095298596e+123
616,2.35457593473484e+124,9.149559642002437e+123
617,3.7327566632573865e+124,1.4504981222192609e+124
618,5.917614336214446e+124,2.299503894048764e+124
619,9.381313220029769e+124,3.6454498477083337e+124
620,1.4872384838212613e+125,5.779205082692023e+124
621,2.3577491294464482e+125,9.161890242108062e+124
622,3.737787192759041e+125,1.452452917094518e+125
623,5.9255893359755494e+125,2.302602869744674e+125
624,9.393956147810771e+125,3.650362716309228e+125
625,1.4892427926320933e+126,5.786993552256824e+125
626,2.3609266005819038e+126,9.174237459811138e+125
627,3.742824501761571e+126,1.4544103463909756e+126
628,5.933575083415968e+126,2.3057060218415846e+126
629,9.406616114104306e+126,3.655282205842765e+126
630,1.4912498025926416e+127,5.794792518119524e+126
631,2.3641083539044205e+127,9.186601317506721e+126
632,3.7478685994015145e+127,1.4563704136589678e+127
633,5.94157159302004e+127,2.308813355967911e+127
634,9.41929314187269e+127,3.6602083252317827e+127
635,1.493259517343169e+128,5.802601994425682e+127
636,2.3672943951849803e+128,9.198981837620057e+127
637,3.7529194948277275e+128,1.4583331224536133e+128
638,5.949578879291627e+128,2.311924877759657e+128
639,9.431987254109186e+128,3.665141083411153e+128
640,1.4952719405288435e+129,5.810421995339924e+128
641,2.3704847302023416e+129,9.21137904260661e+128
642,3.7579771972013905e+129,1.4602984763348224e+129
643,5.957596956754136e+129,2.3150405928604182e+129
644,9.444698473838043e+129,3.67008048932778e+129
645,1.497287075799746e+130,5.818252535045963e+129
646,2.37367936474305e+130,9.223792954952109e+129
647,3.763041715696032e+130,1.4622664788673026e+130
648,5.965625839950545e+130,2.318160506921397e+130
649,9.45742682411454e+130,3.6750265519406304e+130
650,1.4993049268108758e+131,5.826093627746626e+130
651,2.3768783046014514e+131,9.236223597172581e+130
652,3.7681130594975436e+131,1.4642371336205654e+131
653,5.973665543443434e+131,2.3212846256014134e+131
654,9.470172328025024e+131,3.6799792802207435e+131
655,1.5013254972221584e+132,5.833945287663883e+131
656,2.3800815555796983e+132,9.248670991814399e+131
657,3.7731912378041965e+132,1.4662104441689327e+132
658,5.981716081815009e+132,2.324412954566911e+132
659,9.482935008686961e+132,3.68493868315125e+132
660,1.5033487906984522e+133,5.841807529038871e+132
661,2.3832891234877645e+133,9.261135161454327e+132
662,3.778276259826658e+133,1.4681864140915442e+133
663,5.989777469667124e+133,2.3275454994919716e+133
664,9.495714889248966e+133,3.6899047697273836e+133
665,1.5053748109095536e+134,5.849680366131918e+133
666,2.386501014143453e+134,9.273616128699547e+133
667,3.7833681347880085e+134,1.4701650469723625e+134
668,5.997849721621315e+134,2.330682266058324e+134
669,9.508511992890854e+134,3.694877548956503e+134
670,1.5074035615302053e+135,5.857563813222569e+134
671,2.3897172333724064e+135,9.286113916187712e+134
672,3.788466871923757e+135,1.4721463464001798e+135
673,6.005932852318821e+135,2.333823259955353e+135
674,9.521326342823678e+135,3.6998570298581056e+135
675,1.5094350462401028e+136,5.865457884609617e+135
676,2.3929377870081206e+136,9.298628546586986e+135
677,3.793572480481862e+136,1.4741303159686258e+136
678,6.014026876420616e+136,2.336968486880112e+136
679,9.534157962289772e+136,3.704843221463845e+136
680,1.5114692687238997e+137,5.873362594611122e+136
681,2.396162680891951e+137,9.31116004259608e+136
682,3.798684969722742e+137,1.476116959276173e+137
683,6.0221318086074274e+137,2.340117952537331e+137
684,9.547006874562792e+137,3.7098361328175446e+137
685,1.5135062326712155e+138,5.88127795756444e+137
686,2.399391920873126e+138,9.32370842694429e+137
687,3.8038043489192964e+138,1.4781062799261427e+138
688,6.030247663579772e+138,2.3432716626394292e+138
689,9.55987310294776e+138,3.714835772975217e+138
690,1.5155459417766428e+139,5.889203987826252e+138
691,2.4026255128087575e+139,9.336273722391553e+138
692,3.8089306273569215e+139,1.4800982815267133e+139
693,6.038374456057974e+139,2.3464296229065234e+139
694,9.572756670781106e+139,3.719842151005079e+139
695,1.5175883997397519e+140,5.897140699772583e+139
696,2.4058634625638488e+140,9.348855951728468e+139
697,3.814063814333528e+140,1.4820929676909244e+140
698,6.046512200782198e+140,2.3495918390664392e+140
699,9.585657601430708e+140,3.7248552759875676e+140
700,1.5196336102651007e+141,5.905088107798833e+140
701,2.40910577601131e+141,9.361455137776361e+140
702,3.819203919159555e+141,1.4840903420366868e+141
703,6.054660912512471e+141,2.3527583168547218e+141
704,9.598575918295935e+141,3.729875157015358e+141
705,1.5216815770622376e+142,5.913046226319803e+141
706,2.4123524590319636e+142,9.3740713033873e+141
707,3.824350951157992e+142,1.486090408186785e+142
708,6.062820606028718e+142,2.3559290620146464e+142
709,9.611511644807697e+142,3.7349018031933815e+142
710,1.5237323038457124e+143,5.921015069769724e+142
711,2.415603517514559e+143,9.386704471444162e+142
712,3.8295049196643906e+143,1.4880931697688876e+143
713,6.070991296130775e+143,2.3591040802972274e+143
714,9.624464804428476e+143,3.7399352236388357e+143
715,1.525785794335079e+144,5.928994652602274e+143
716,2.4188589573557816e+144,9.399354664860653e+143
717,3.8346658340268854e+144,1.4900986304155507e+144
718,6.079172997638427e+144,2.3622833774612308e+144
719,9.637435420652374e+144,3.744975427481208e+144
720,1.5278420522549055e+145,5.936984989290613e+144
721,2.422118784460263e+145,9.41202190658137e+144
722,3.839833703606207e+145,1.492106793764227e+145
723,6.087365725391432e+145,2.3654669592731822e+145
724,9.650423517005157e+145,3.7500224238622887e+145
725,1.5299010813347783e+146,5.944986094327404e+145
726,2.425383004740592e+146,9.424706219581819e+145
727,3.8450085377757025e+146,1.49411766345727e+146
728,6.095569494249543e+146,2.368654831507379e+146
729,9.663429117044294e+146,3.755076221936188e+146
730,1.5319628853093108e+147,5.952997982224844e+146
731,2.4286516241173266e+147,9.437407626868481e+146
732,3.8501903459213515e+147,1.4961312431419437e+147
733,6.103784319092544e+147,2.371846999945901e+147
734,9.676452244359004e+147,3.7601368308693525e+147
735,1.5340274679181496e+148,5.961020667514684e+147
736,2.4319246485190033e+148,9.450126151478833e+147
737,3.855379137441783e+148,1.4981475364704256e+148
738,6.112010214820272e+148,2.3750434703786206e+148
739,9.6894929225703e+148,3.7652042598405836e+148
740,1.5360948329059806e+149,5.969054164748265e+148
741,2.4352020838821488e+149,9.462861816481408e+148
742,3.8605749217482907e+149,1.5001665470998163e+149
743,6.120247196352638e+149,2.3782442486032122e+149
744,9.702551175331016e+149,3.7702785180410517e+149
745,1.5381649840225364e+150,5.977098488496532e+149
746,2.438483936151289e+150,9.475614644975822e+149
747,3.865777708264853e+150,1.5021882786921445e+150
748,6.128495278629665e+150,2.3814493404251628e+150
749,9.715627026325872e+150,3.775359614674312e+150
750,1.5402379250226023e+151,5.985153653350067e+150
751,2.441770211278962e+151,9.488384660092812e+150
752,3.870987506428147e+151,1.5042127349143737e+151
753,6.136754476611511e+151,2.384658751657785e+151
754,9.728720499271509e+151,3.7804475589563274e+151
755,1.5423136596660258e+152,5.993219673919123e+151
756,2.445060915225728e+152,9.501171884994313e+151
757,3.8762043256875696e+152,1.5062399194384106e+152
758,6.145024805278491e+152,2.3878724881222245e+152
759,9.74183161791652e+152,3.7855423601154755e+152
760,1.5443921917177193e+153,6.001296564833632e+152
761,2.4483560539601802e+153,9.513976342873449e+152
762,3.881428175505252e+153,1.508269835941109e+153
763,6.153306279631114e+153,2.391090555647474e+153
764,9.754960406041516e+153,3.790644027392577e+153
765,1.5464735249476708e+154,6.009384340743254e+153
766,2.4516556334589553e+154,inf
767,3.886659065356077e+154,inf
768,6.161598914690101e+154,inf
769,9.76810688745915e+154,inf
770,1.5485576631309478e+155,inf
771,2.454959659706744e+155,inf
772,3.891897004727694e+155,inf
773,6.169902725496418e+155,inf
774,9.781271086014164e+155,inf
775,1.5506446100477058e+156,inf
776,2.458268138696304e+156,inf
777,3.897142003120544e+156,inf
778,6.1782177271113005e+156,inf
779,9.794453025583441e+156,inf
780,1.5527343694831948e+157,inf
781,2.4615810764284672e+157,inf
782,3.902394070047866e+157,inf
783,6.186543934616281e+157,inf
784,9.807652730076037e+157,inf
785,1.5548269452277655e+158,inf
786,2.4648984789121534e+158,inf
787,3.9076532150357217e+158,inf
788,6.194881363113215e+158,inf
789,9.820870223433228e+158,inf
790,1.5569223410768773e+159,inf
791,2.4682203521643807e+159,inf
792,3.9129194476230106e+159,inf
793,6.203230027724314e+159,inf
794,9.834105529628562e+159,inf
795,1.5590205608311043e+160,inf
796,2.471546702210276e+160,inf
797,3.918192777361489e+160,inf
798,6.211589943592168e+160,inf
799,9.847358672667892e+160,inf
800,1.5611216082961433e+161,inf
801,2.474877535083087e+161,inf
802,3.923473213815785e+161,inf
803,6.219961125879776e+161,inf
804,9.860629676589425e+161,inf
805,1.5632254872828195e+162,inf
806,2.4782128568241918e+162,inf
807,3.9287607665634175e+162,inf
808,6.228343589770572e+162,inf
809,9.873918565463763e+162,inf
810,1.5653322016070935e+163,inf
811,2.481552673483109e+163,inf
812,3.9340554451948096e+163,inf
813,6.236737350468445e+163,inf
814,9.88722536339394e+163,inf
815,1.5674417550900686e+164,inf
816,2.4848969911175117e+164,inf
817,3.9393572593133134e+164,inf
818,6.245142423197785e+164,inf
819,9.900550094515488e+164,inf
820,1.5695541515579987e+165,inf
821,2.488245815793236e+165,inf
822,3.944666218535219e+165,inf
823,6.253558823203488e+165,inf
824,9.913892782996445e+165,inf
825,1.5716693948422917e+166,inf
826,2.491599153584291e+166,inf
827,3.949982332489779e+166,inf
828,6.261986565751002e+166,inf
829,9.927253453037437e+166,inf
830,1.5737874887795215e+167,inf
831,2.494957010572874e+167,inf
832,3.955305610819221e+167,inf
833,6.270425666126347e+167,inf
834,9.940632128871695e+167,inf
835,1.5759084372114317e+168,inf
836,2.49831939284938e+168,inf
837,3.960636063178771e+168,inf
838,6.278876139636145e+168,inf
839,9.95402883476512e+168,inf
840,1.5780322439849436e+169,inf
841,2.5016863065124087e+169,inf
842,3.9659736992366614e+169,inf
843,6.287338001607641e+169,inf
844,9.967443595016302e+169,inf
845,1.580158912952162e+170,inf
846,2.5050577576687807e+170,inf
847,3.9713185286741595e+170,inf
848,6.295811267388744e+170,inf
849,9.980876433956586e+170,inf
850,1.5822884479703841e+171,inf
851,2.508433752433546e+171,inf
852,3.976670561185576e+171,inf
853,6.304295952348038e+171,inf
854,9.9943273759501e+171,inf
855,1.584420852902104e+172,inf
856,2.511814296929996e+172,inf
857,3.9820298064782884e+172,inf
858,6.312792071874824e+172,inf
859,1.0007796445393814e+173,inf
860,1.586556131615023e+173,inf
861,2.515199397289674e+173,inf
862,3.9873962742727556e+173,inf
863,6.321299641379143e+173,inf
864,1.0021283666717577e+174,inf
865,1.5886942879820537e+174,inf
866,2.5185890596523867e+174,inf
867,3.992769974302538e+174,inf
868,6.329818676291803e+174,inf
869,1.0034789064384157e+175,inf
870,1.5908353258813277e+175,inf
871,2.5219832901662142e+175,inf
872,3.9981509163143094e+175,inf
873,6.338349192064404e+175,inf
874,1.0048312662889288e+176,inf
875,1.5929792491962042e+176,inf
876,2.5253820949875247e+176,inf
877,4.003539110067885e+176,inf
878,6.346891204169377e+176,inf
879,1.0061854486761728e+177,inf
880,1.5951260618152756e+177,inf
881,2.5287854802809817e+177,inf
882,4.0089345653362303e+177,inf
883,6.3554447281e+177,inf
884,1.007541456056328e+178,inf
885,1.5972757676323743e+178,inf
886,2.5321934522195556e+178,inf
887,4.0143372919054795e+178,inf
888,6.3640097793704285e+178,inf
889,1.008899290888885e+179,inf
890,1.599428370546581e+179,inf
891,2.5356060169845384e+179,inf
892,4.0197472995749585e+179,inf
893,6.372586373515733e+179,inf
894,1.0102589556366497e+180,inf
895,1.60158387446223e+180,inf
896,2.5390231807655494e+180,inf
897,4.0251645981571963e+180,inf
898,6.381174526091912e+180,inf
899,1.0116204527657457e+181,inf
900,1.6037422832889183e+181,inf
901,2.5424449497605517e+181,inf
902,4.030589197477949e+181,inf
903,6.389774252675935e+181,inf
904,1.0129837847456217e+182,inf
905,1.6059036009415116e+182,inf
906,2.545871330175861e+182,inf
907,4.036021107376213e+182,inf
908,6.398385568865762e+182,inf
909,1.0143489540490536e+183,inf
910,1.608067831340152e+183,inf
911,2.549302328226157e+183,inf
912,4.0414603377042456e+183,inf
913,6.407008490280375e+183,inf
914,1.0157159631521498e+184,inf
915,1.6102349784102635e+184,inf
916,2.5527379501344937e+184,inf
917,4.046906898327579e+184,inf
918,6.415643032559799e+184,inf
919,1.0170848145343554e+185,inf
920,1.612405046082561e+185,inf
921,2.5561782021323124e+185,inf
922,4.052360799125045e+185,inf
923,6.424289211365147e+185,inf
924,1.0184555106784581e+186,inf
925,1.614578038293057e+186,inf
926,2.5596230904594536e+186,inf
927,4.0578220499887857e+186,inf
928,6.432947042378629e+186,inf
929,1.0198280540705901e+187,inf
930,1.6167539589830676e+187,inf
931,2.5630726213641647e+187,inf
932,4.063290660824274e+187,inf
933,6.441616541303594e+187,inf
934,1.0212024472002348e+188,inf
935,1.6189328120992207e+188,inf
936,2.5665268011031144e+188,inf
937,4.068766641550335e+188,inf
938,6.450297723864553e+188,inf
939,1.0225786925602309e+189,inf
940,1.621114601593464e+189,inf
941,2.5699856359414047e+189,inf
942,4.0742500020991584e+189,inf
943,6.458990605807206e+189,inf
944,1.023956792646776e+190,inf
945,1.6232993314230695e+190,inf
946,2.5734491321525795e+190,inf
947,4.0797407524163214e+190,inf
948,6.4676952028984784e+190,inf
949,1.025336749959432e+191,inf
950,1.6254870055506434e+191,inf
951,2.5769172960186378e+191,inf
952,4.085238902460803e+191,inf
953,6.47641153092654e+191,inf
954,1.0267185670011301e+192,inf
955,1.627677627944133e+192,inf
956,2.580390133830046e+192,inf
957,4.090744462205006e+192,inf
958,6.48513960570084e+192,inf
959,1.0281022462781735e+193,inf
960,1.6298712025768305e+193,inf
961,2.5838676518857445e+193,inf
962,4.0962574416347685e+193,inf
963,6.493879443052132e+193,inf
964,1.0294877903002436e+194,inf
965,1.632067733427385e+194,inf
966,2.5873498564931664e+194,inf
967,4.1017778507493904e+194,inf
968,6.502631058832506e+194,inf
969,1.0308752015804042e+195,inf
970,1.6342672244798075e+195,inf
971,2.5908367539682436e+195,inf
972,4.107305699561646e+195,inf
973,6.511394468915412e+195,inf
974,1.0322644826351055e+196,inf
975,1.6364696797234763e+196,inf
976,2.5943283506354187e+196,inf
977,4.112840998097802e+196,inf
978,6.520169689195697e+196,inf
979,1.0336556359841892e+197,inf
980,1.638675103153148e+197,inf
981,2.5978246528276595e+197,inf
982,4.118383756397639e+197,inf
983,6.528956735589625e+197,inf
984,1.0350486641508932e+198,inf
985,1.640883498768962e+198,inf
986,2.601325666886468e+198,inf
987,4.123933984514468e+198,inf
988,6.537755624034913e+198,inf
989,1.0364435696618552e+199,inf
990,1.643094870576448e+199,inf
991,2.60483139916189e+199,inf
992,4.129491692515146e+199,inf
993,6.546566370490753e+199,inf
994,1.0378403550471189e+200,inf
995,1.6453092225865356e+200,inf
996,2.6083418560125346e+200,inf
997,4.1350568904801014e+200,inf
998,6.555388990937849e+200,inf
999,1.0392390228401368e+201,inf
1000,1.6475265588155574e+201,inf
1001,2.6118570438055735e+201,inf
1002,4.1406295885033424e+201,inf
1003,6.564223501378438e+201,inf
1004,1.040639575577776e+202,inf
1005,1.6497468832852608e+202,inf
1006,2.615376968916764e+202,inf
1007,4.146209796692484e+202,inf
1008,6.573069917836325e+202,inf
1009,1.0420420158003229e+203,inf
1010,1.6519702000228123e+203,inf
1011,2.6189016377304553e+203,inf
1012,4.151797525168764e+203,inf
1013,6.581928256356912e+203,inf
1014,1.043446346051487e+204,inf
1015,1.654196513060806e+204,inf
1016,2.6224310566395993e+204,inf
1017,4.1573927840670586e+204,inf
1018,6.59079853300722e+204,inf
1019,1.0448525688784056e+205,inf
1020,1.6564258264372702e+205,inf
1021,2.625965232045763e+205,inf
1022,4.162995583535899e+205,inf
1023,6.599680763875925e+205,inf
1024,1.046260686831649e+206,inf
1025,1.6586581441956755e+206,inf
1026,2.6295041703591425e+206,inf
1027,4.1686059337375e+206,inf
1028,6.608574965073387e+206,inf
1029,1.047670702465225e+207,inf
1030,1.6608934703849413e+207,inf
1031,2.633047877998572e+207,inf
1032,4.174223844847768e+207,inf
1033,6.617481152731677e+207,inf
1034,1.049082618336583e+208,inf
1035,1.663131809059444e+208,inf
1036,2.636596361391535e+208,inf
1037,4.179849327056322e+208,inf
1038,6.626399343004601e+208,inf
1039,1.0504964370066192e+209,inf
1040,1.665373164279024e+209,inf
1041,2.6401496269741784e+209,inf
1042,4.185482390566516e+209,inf
1043,6.635329552067744e+209,inf
1044,1.0519121610396808e+210,inf
1045,1.6676175401089924e+210,inf
1046,2.643707681191322e+210,inf
1047,4.1911230455954516e+210,inf
1048,6.644271796118483e+210,inf
1049,1.053329793003571e+211,inf
1050,1.6698649406201396e+211,inf
1051,2.6472705304964716e+211,inf
1052,4.196771302374003e+211,inf
1053,6.653226091376029e+211,inf
1054,1.0547493354695541e+212,inf
1055,1.6721153698887425e+212,inf
1056,2.650838181351832e+212,inf
1057,4.2024271711468324e+212,inf
1058,6.6621924540814494e+212,inf
1059,1.0561707910123592e+213,inf
1060,1.674368831996571e+213,inf
1061,2.654410640228314e+213,inf
1062,4.2080906621724056e+213,inf
1063,6.671170900497698e+213,inf
1064,1.0575941622101849e+214,inf
1065,1.6766253310308955e+214,inf
1066,2.6579879136055506e+214,inf
1067,4.213761785723015e+214,inf
1068,6.680161446909649e+214,inf
1069,1.0590194516447052e+215,inf
1070,1.6788848710844953e+215,inf
1071,2.661570007971907e+215,inf
1072,4.219440552084797e+215,inf
1073,6.6891641096241175e+215,inf
1074,1.0604466619010725e+216,inf
1075,1.6811474562556653e+216,inf
1076,2.6651569298244922e+216,inf
1077,4.2251269715577494e+216,inf
1078,6.6981789049699e+216,inf
1079,1.0618757955679237e+217,inf
1080,1.6834130906482228e+217,inf
1081,2.668748685669171e+217,inf
1082,4.2308210544557504e+217,inf
1083,6.707205849297796e+217,inf
1084,1.0633068552373838e+218,inf
1085,1.6856817783715167e+218,inf
1086,2.672345282020577e+218,inf
1087,4.236522811106579e+218,inf
1088,6.71624495898064e+218,inf
1089,1.0647398435050718e+219,inf
1090,1.6879535235404336e+219,inf
1091,2.6759467254021227e+219,inf
1092,4.2422322518519354e+219,inf
1093,6.725296250413338e+219,inf
1094,1.0661747629701045e+220,inf
1095,1.6902283302754061e+220,inf
1096,2.6795530223460127e+220,inf
1097,4.247949387047453e+220,inf
1098,6.734359740012884e+220,inf
1099,1.0676116162351013e+221,inf
1100,1.6925062027024187e+221,inf
1101,2.6831641793932535e+221,inf
1102,4.253674227062721e+221,inf
1103,6.743435444218397e+221,inf
1104,1.069050405906189e+222,inf
1105,1.694787144953017e+222,inf
1106,2.6867802030936678e+222,inf
1107,4.259406782281306e+222,inf
1108,6.752523379491155e+222,inf
1109,1.0704911345930073e+223,inf
1110,1.697071161164315e+223,inf
1111,2.6904011000059057e+223,inf
1112,4.265147063100767e+223,inf
1113,6.761623562314619e+223,inf
1114,1.071933804908712e+224,inf
1115,1.6993582554790018e+224,inf
1116,2.694026876697455e+224,inf
1117,4.270895079932676e+224,inf
1118,6.770736009194459e+224,inf
1119,1.0733784194699804e+225,inf
1120,1.7016484320453485e+225,inf
1121,2.6976575397446545e+225,inf
1122,4.276650843202635e+225,inf
1123,6.779860736658597e+225,inf
1124,1.0748249808970171e+226,inf
1125,1.703941695017218e+226,inf
1126,2.701293095732706e+226,inf
1127,4.282414363350297e+226,inf
1128,6.788997761257221e+226,inf
1129,1.0762734918135574e+227,inf
1130,1.706238048554071e+227,inf
1131,2.7049335512556863e+227,inf
1132,4.288185650829385e+227,inf
1133,6.798147099562833e+227,inf
1134,1.0777239548468729e+228,inf
1135,1.7085374968209737e+228,inf
1136,2.7085789129165593e+228,inf
1137,4.293964716107711e+228,inf
1138,6.807308768170263e+228,inf
1139,1.0791763726277753e+229,inf
1140,1.710840043988605e+229,inf
1141,2.7122291873271865e+229,inf
1142,4.2997515696671907e+229,inf
1143,6.816482783696705e+229,inf
1144,1.080630747790622e+230,inf
1145,1.7131456942332652e+230,inf
1146,2.71588438110834e+230,inf
1147,4.3055462220038695e+230,inf
1148,6.82566916278175e+230,inf
1149,1.0820870829733213e+231,inf
1150,1.7154544517368827e+231,inf
1151,2.7195445008897153e+231,inf
1152,4.311348683627935e+231,inf
1153,6.83486792208741e+231,inf
1154,1.083545380817335e+232,inf
1155,1.717766320687021e+232,inf
1156,2.7232095533099415e+232,inf
1157,4.317158965063742e+232,inf
1158,6.844079078298157e+232,inf
1159,1.0850056439676861e+233,inf
1160,1.7200813052768877e+233,inf
1161,2.726879545016595e+233,inf
1162,4.322977076849825e+233,inf
1163,6.8533026481209425e+233,inf
1164,1.0864678750729616e+234,inf
1165,1.7223994097053416e+234,inf
1166,2.7305544826662116e+234,inf
1167,4.328803029538927e+234,inf
1168,6.862538648285243e+234,inf
1169,1.0879320767853187e+235,inf
1170,1.7247206381769005e+235,inf
1171,2.7342343729242976e+235,inf
1172,4.3346368336980075e+235,inf
1173,6.87178709554307e+235,inf
1174,1.089398251760488e+236,inf
1175,1.7270449949017474e+236,inf
1176,2.7379192224653406e+236,inf
1177,4.340478499908267e+236,inf
1178,6.881048006669016e+236,inf
1179,1.0908664026577793e+237,inf
1180,1.7293724840957407e+237,inf
1181,2.741609037972827e+237,inf
1182,4.346328038765169e+237,inf
1183,6.890321398460284e+237,inf
1184,1.0923365321400865e+238,inf
1185,1.7317031099804186e+238,inf
1186,2.745303826139245e+238,inf
1187,4.3521854608784534e+238,inf
1188,6.899607287736704e+238,inf
1189,1.0938086428738918e+239,inf
1190,1.7340368767830098e+239,inf
1191,2.7490035936661064e+239,inf
1192,4.358050776872159e+239,inf
1193,6.908905691340784e+239,inf
1194,1.0952827375292715e+240,inf
1195,1.7363737887364403e+240,inf
1196,2.752708347263954e+240,inf
1197,4.363923997384646e+240,inf
1198,6.918216626137725e+240,inf
1199,1.0967588187799002e+241,inf
1200,1.738713850079339e+241,inf
1201,2.756418093652371e+241,inf
1202,4.3698051330686034e+241,inf
1203,6.927540109015454e+241,inf
1204,1.098236889303055e+242,inf
1205,1.7410570650560487e+242,inf
1206,2.7601328395599997e+242,inf
1207,4.375694194591086e+242,inf
1208,6.936876156884667e+242,inf
1209,1.0997169517796222e+243,inf
1210,1.7434034379166318e+243,inf
1211,2.76385259172455e+243,inf
1212,4.381591192633519e+243,inf
1213,6.94622478667884e+243,inf
1214,1.1011990088941004e+244,inf
1215,1.7457529729168776e+244,inf
1216,2.7675773568928104e+244,inf
1217,4.387496137891723e+244,inf
1218,6.955586015354277e+244,inf
1219,1.1026830633346063e+245,inf
1220,1.7481056743183125e+245,inf
1221,2.771307141820664e+245,inf
1222,4.393409041075934e+245,inf
1223,6.964959859890127e+245,inf
1224,1.1041691177928783e+246,inf
1225,1.7504615463882028e+246,inf
1226,2.775041953273094e+246,inf
1227,4.399329912910819e+246,inf
1228,6.974346337288423e+246,inf
1229,1.1056571749642837e+247,inf
1230,1.7528205933995692e+247,inf
1231,2.7787817980242075e+247,inf
1232,4.4052587641355044e+247,inf
1233,6.983745464574117e+247,inf
1234,1.107147237547822e+248,inf
1235,1.7551828196311898e+248,inf
1236,2.7825266828572365e+248,inf
1237,4.4111956055035847e+248,inf
1238,6.993157258795101e+248,inf
1239,1.1086393082461296e+249,inf
1240,1.7575482293676083e+249,inf
1241,2.7862766145645543e+249,inf
1242,4.417140447783147e+249,inf
1243,7.002581737022238e+249,inf
1244,1.1101333897654853e+250,inf
1245,1.7599168268991437e+250,inf
1246,2.7900315999476905e+250,inf
1247,4.423093301756792e+250,inf
1248,7.012018916349404e+250,inf
1249,1.1116294848158156e+251,inf
1250,1.762288616521896e+251,inf
1251,2.793791645817339e+251,inf
1252,4.4290541782216504e+251,inf
1253,7.021468813893507e+251,inf
1254,1.1131275961106981e+252,inf
1255,1.7646636025377553e+252,inf
1256,2.7975567589933726e+252,inf
1257,4.435023087989405e+252,inf
1258,7.0309314467945255e+252,inf
1259,1.1146277263673684e+253,inf
1260,1.7670417892544092e+253,inf
1261,2.8013269463048556e+253,inf
1262,4.4410000418863074e+253,inf
1263,7.040406832215534e+253,inf
1264,1.1161298783067232e+254,inf
1265,1.769423180985351e+254,inf
1266,2.8051022145900553e+254,inf
1267,4.4469850507532017e+254,inf
1268,7.049894987342743e+254,inf
1269,1.117634054653327e+255,inf
1270,1.771807782049887e+255,inf
1271,2.808882570696455e+255,inf
1272,4.4529781254455404e+255,inf
1273,7.059395929385516e+255,inf
1274,1.1191402581354153e+256,inf
1275,1.774195596773144e+256,inf
1276,2.812668021480766e+256,inf
1277,4.458979276833406e+256,inf
1278,7.068909675576418e+256,inf
1279,1.1206484914849006e+257,inf
1280,1.776586629486078e+257,inf
1281,2.8164585738089394e+257,inf
1282,4.46498851580153e+257,inf
1283,7.078436243171231e+257,inf
1284,1.1221587574373773e+258,inf
1285,1.778980884525482e+258,inf
1286,2.8202542345561814e+258,inf
1287,4.471005853249314e+258,inf
1288,7.087975649448995e+258,inf
1289,1.1236710587321264e+259,inf
1290,1.7813783662339932e+259,inf
1291,2.8240550106069614e+259,inf
1292,4.477031300090848e+259,inf
1293,7.09752791171204e+259,inf
1294,1.1251853981121208e+260,inf
1295,1.783779078960102e+260,inf
1296,2.827860908855029e+260,inf
1297,4.48306486725493e+260,inf
1298,7.107093047286007e+260,inf
1299,1.1267017783240296e+261,inf
1300,1.786183027058158e+261,inf
1301,2.8316719362034223e+261,inf
1302,4.489106565685086e+261,inf
1303,7.116671073519888e+261,inf
1304,1.1282202021182234e+262,inf
1305,1.788590214888379e+262,inf
1306,2.8354880995644827e+262,inf
1307,4.49515640633959e+262,inf
1308,7.126262007786057e+262,inf
1309,1.1297406722487794e+263,inf
1310,1.7910006468168595e+263,inf
1311,2.839309405859868e+263,inf
1312,4.501214400191487e+263,inf
1313,7.135865867480302e+263,inf
1314,1.1312631914734873e+264,inf
1315,1.7934143272155791e+264,inf
1316,2.8431358620205644e+264,inf
1317,4.507280558228607e+264,inf
1318,7.145482670021852e+264,inf
1319,1.1327877625538522e+265,inf
1320,1.795831260462407e+265,inf
1321,2.8469674749868974e+265,inf
1322,4.5133548914535894e+265,inf
1323,7.155112432853414e+265,inf
1324,1.1343143882551019e+266,inf
1325,1.7982514509411148e+266,inf
1326,2.8508042517085474e+266,inf
1327,4.519437410883901e+266,inf
1328,7.164755173441199e+266,inf
1329,1.1358430713461899e+267,inf
1330,1.80067490304138e+267,inf
1331,2.8546461991445597e+267,inf
1332,4.525528127551858e+267,inf
1333,7.174410909274959e+267,inf
1334,1.1373738145998017e+268,inf
1335,1.8031016211587974e+268,inf
1336,2.858493324263358e+268,inf
1337,4.531627052504642e+268,inf
1338,7.184079657868017e+268,inf
1339,1.1389066207923597e+269,inf
1340,1.805531609694885e+269,inf
1341,2.862345634042758e+269,inf
1342,4.537734196804326e+269,inf
1343,7.193761436757295e+269,inf
1344,1.1404414927040275e+270,inf
1345,1.807964873057092e+270,inf
1346,2.8662031354699786e+270,inf
1347,4.543849571527887e+270,inf
1348,7.203456263503351e+270,inf
1349,1.141978433118716e+271,inf
1350,1.8104014156588086e+271,inf
1351,2.8700658355416555e+271,inf
1352,4.549973187767233e+271,inf
1353,7.21316415569041e+271,inf
1354,1.1435174448240874e+272,inf
1355,1.812841241919372e+272,inf
1356,2.8739337412638524e+272,inf
1357,4.5561050566292186e+272,inf
1358,7.222885130926392e+272,inf
1359,1.1450585306115612e+273,inf
1360,1.815284356264075e+273,inf
1361,2.877806859652076e+273,inf
1362,4.562245189235668e+273,inf
1363,7.232619206842949e+273,inf
1364,1.1466016932763182e+274,inf
1365,1.817730763124175e+274,inf
1366,2.881685197731287e+274,inf
1367,4.568393596723393e+274,inf
1368,7.242366401095494e+274,inf
1369,1.1481469356173067e+275,inf
1370,1.8201804669369007e+275,inf
1371,2.8855687625359147e+275,inf
1372,4.574550290244215e+275,inf
1373,7.252126731363233e+275,inf
1374,1.1496942604372473e+276,inf
1375,1.822633472145462e+276,inf
1376,2.889457561109868e+276,inf
1377,4.580715280964986e+276,inf
1378,7.261900215349201e+276,inf
1379,1.1512436705426371e+277,inf
1380,1.8250897831990544e+277,inf
1381,2.8933516005065473e+277,inf
1382,4.586888580067602e+277,inf
1383,7.271686870780286e+277,inf
1384,1.1527951687437558e+278,inf
1385,1.8275494045528713e+278,inf
1386,2.8972508877888595e+278,inf
1387,4.5930701987490336e+278,inf
1388,7.281486715407266e+278,inf
1389,1.1543487578546699e+279,inf
1390,1.8300123406681093e+279,inf
1391,2.90115543002923e+279,inf
1392,4.599260148221338e+279,inf
1393,7.291299767004845e+279,inf
1394,1.1559044406932392e+280,inf
1395,1.832478596011978e+280,inf
1396,2.9050652343096165e+280,inf
1397,4.605458439711686e+280,inf
1398,7.301126043371682e+280,inf
1399,1.1574622200811209e+281,inf
1400,1.834948175057708e+281,inf
1401,2.90898030772152e+281,inf
1402,4.611665084462378e+281,inf
1403,7.310965562330421e+281,inf
1404,1.1590220988437745e+282,inf
1405,1.837421082284556e+282,inf
1406,2.912900657365998e+282,inf
1407,4.6178800937308594e+282,inf
1408,7.32081834172772e+282,inf
1409,1.1605840798104667e+283,inf
1410,1.8398973221778166e+283,inf
1411,2.9168262903536782e+283,inf
1412,4.624103478789756e+283,inf
1413,7.330684399434299e+283,inf
1414,1.1621481658142787e+284,inf
1415,1.8423768992288303e+284,inf
1416,2.9207572138047723e+284,inf
1417,4.630335250926881e+284,inf
1418,7.340563753344952e+284,inf
1419,1.1637143596921085e+285,inf
1420,1.8448598179349878e+285,inf
1421,2.924693434849085e+285,inf
1422,4.636575421445259e+285,inf
1423,7.350456421378596e+285,inf
1424,1.1652826642846775e+286,inf
1425,1.847346082799743e+286,inf
1426,2.9286349606260326e+286,inf
1427,4.6428240016631476e+286,inf
1428,7.36036242147829e+286,inf
1429,1.1668530824365359e+287,inf
1430,1.8498356983326183e+287,inf
1431,2.9325817982846514e+287,inf
1432,4.6490810029140605e+287,inf
1433,7.370281771611284e+287,inf
1434,1.1684256169960674e+288,inf
1435,1.8523286690492134e+288,inf
1436,2.9365339549836133e+288,inf
1437,4.6553464365467833e+288,inf
1438,7.380214489769034e+288,inf
1439,1.1700002708154939e+289,inf
1440,1.8548249994712132e+289,inf
1441,2.9404914378912353e+289,inf
1442,4.661620313925393e+289,inf
1443,7.390160593967243e+289,inf
1444,1.171577046750881e+290,inf
1445,1.8573246941263967e+290,inf
1446,2.9444542541854978e+290,inf
1447,4.667902646429288e+290,inf
1448,7.400120102245897e+290,inf
1449,1.1731559476621442e+291,inf
1450,1.859827757548645e+291,inf
1451,2.9484224110540534e+291,inf
1452,4.6741934454531985e+291,inf
1453,7.410093032669294e+291,inf
1454,1.174736976413053e+292,inf
1455,1.8623341942779499e+292,inf
1456,2.952395915694242e+292,inf
1457,4.6804927224072115e+292,inf
1458,7.420079403326073e+292,inf
1459,1.1763201358712357e+293,inf
1460,1.86484400886042e+293,inf
1461,2.9563747753131017e+293,inf
1462,4.686800488716789e+293,inf
1463,7.43007923232925e+293,inf
1464,1.1779054289081855e+294,inf
1465,1.867357205848291e+294,inf
1466,2.960358997127384e+294,inf
1467,4.693116755822794e+294,inf
1468,7.440092537816257e+294,inf
1469,1.1794928583992656e+295,inf
1470,1.869873789799935e+295,inf
1471,2.9643485883635666e+295,inf
1472,4.699441535181508e+295,inf
1473,7.450119337948967e+295,inf
1474,1.1810824272237146e+296,inf
1475,1.8723937652798662e+296,inf
1476,2.9683435562578672e+296,inf
1477,4.70577483826465e+296,inf
1478,7.460159650913725e+296,inf
1479,1.1826741382646502e+297,inf
1480,1.8749171368587497e+297,inf
1481,2.9723439080562524e+297,inf
1482,4.7121166765593994e+297,inf
1483,7.47021349492139e+297,inf
1484,1.184267994409077e+298,inf
1485,1.877443909113412e+298,inf
1486,2.976349651014458e+298,inf
1487,4.718467061568419e+298,inf
1488,7.480280888207366e+298,inf
1489,1.1858639985478897e+299,inf
1490,1.879974086626846e+299,inf
1491,2.980360792397995e+299,inf
1492,4.72482600480987e+299,inf
1493,7.490361849031623e+299,inf
1494,1.1874621535758787e+300,inf
1495,1.8825076739882218e+300,inf
1496,2.984377339482167e+300,inf
1497,4.7311935178174384e+300,inf
1498,7.500456395678748e+300,inf
1499,1.1890624623917362e+301,inf
1500,1.8850446757928948e+301,inf
1501,2.9883992995520834e+301,inf
1502,4.737569612140353e+301,inf
1503,7.510564546457965e+301,inf
1504,1.1906649278980602e+302,inf
1505,1.8875850966424114e+302,inf
1506,2.992426679902668e+302,inf
1507,4.743954299343406e+302,inf
1508,7.520686319703173e+302,inf
1509,1.1922695530013607e+303,inf
1510,1.8901289411445212e+303,inf
1511,2.9964594878386797e+303,inf
1512,4.750347591006976e+303,inf
1513,7.53082173377298e+303,inf
1514,1.193876340612065e+304,inf
1515,1.892676213913183e+304,inf
1516,3.00049773067472e+304,inf
1517,4.756749498727051e+304,inf
1518,7.540970807050738e+304,inf
1519,1.195485293644523e+305,inf
1520,1.895226919568574e+305,inf
1521,3.0045414157352495e+305,inf
1522,4.763160034115244e+305,inf
1523,7.551133557944571e+305,inf
1524,1.1970964150170112e+306,inf
1525,1.897781062737097e+306,inf
1526,3.0085905503545974e+306,inf
1527,4.769579208798816e+306,inf
1528,7.561310004887411e+306,inf
1529,1.19870970765174e+307,inf
1530,1.900338648051391e+307,inf
1531,3.0126451418769794e+307,inf
1532,4.776007034420699e+307,inf
1533,7.571500166337032e+307,inf
1534,1.200325174474857e+308,inf
1535,inf,inf
1536,inf,inf
1537,,inf
1538,,
1539,,
1540,,
1541,,
1542,,
1543,,
1544,,
1545,,
1546,,
1547,,
1548,,
1549,,
1550,,
1551,,
1552,,
1553,,
1554,,
1555,,
1556,,
1557,,
1558,,
1559,,
1560,,
1561,,
1562,,
1563,,
1564,,
1565,,
1566,,
1567,,
1568,,
1569,,
1570,,
1571,,
1572,,
1573,,
1574,,
1575,,
1576,,
1577,,
1578,,
1579,,
1580,,
1581,,
1582,,
1583,,
1584,,
1585,,
1586,,
1587,,
1588,,
1589,,
1590,,
1591,,
1592,,
1593,,
1594,,
1595,,
1596,,
1597,,
1598,,
1599,,
1600,,
1601,,
1602,,
1603,,
1604,,
1605,,
1606,,
1607,,
1608,,
1609,,
1610,,
1611,,
1612,,
1613,,
1614,,
1615,,
1616,,
1617,,
1618,,
1619,,
1620,,
1621,,
1622,,
1623,,
1624,,
1625,,
1626,,
1627,,
1628,,
1629,,
1630,,
1631,,
1632,,
1633,,
1634,,
1635,,
1636,,
1637,,
1638,,
1639,,
1640,,
1641,,
1642,,
1643,,
1644,,
1645,,
1646,,
1647,,
1648,,
1649,,
1650,,
1651,,
1652,,
1653,,
1654,,
1655,,
1656,,
1657,,
1658,,
1659,,
1660,,
1661,,
1662,,
1663,,
1664,,
1665,,
1666,,
1667,,
1668,,
1669,,
1670,,
1671,,
1672,,
1673,,
1674,,
1675,,
1676,,
1677,,
1678,,
1679,,
1680,,
1681,,
1682,,
1683,,
1684,,
1685,,
1686,,
1687,,
1688,,
1689,,
1690,,
1691,,
1692,,
1693,,
1694,,
1695,,
1696,,
1697,,
1698,,
1699,,
1700,,
1701,,
1702,,
1703,,
1704,,
1705,,
1706,,
1707,,
1708,,
1709,,
1710,,
1711,,
1712,,
1713,,
1714,,
1715,,
1716,,
1717,,
1718,,
1719,,
1720,,
1721,,
1722,,
1723,,
1724,,
1725,,
1726,,
1727,,
1728,,
1729,,
1730,,
1731,,
1732,,
1733,,
1734,,
1735,,
1736,,
1737,,
1738,,
1739,,
1740,,
1741,,
1742,,
1743,,
1744,,
1745,,
1746,,
1747,,
1748,,
1749,,
1750,,
1751,,
1752,,
1753,,
1754,,
1755,,
1756,,
1757,,
1758,,
1759,,
1760,,
1761,,
1762,,
1763,,
1764,,
1765,,
1766,,
1767,,
1768,,
1769,,
1770,,
1771,,
1772,,
1773,,
1774,,
1775,,
1776,,
1777,,
1778,,
1779,,
1780,,
1781,,
1782,,
1783,,
1784,,
1785,,
1786,,
1787,,
1788,,
1789,,
1790,,
1791,,
1792,,
1793,,
1794,,
1795,,
1796,,
1797,,
1798,,
1799,,
1800,,
1801,,
1802,,
1803,,
1804,,
1805,,
1806,,
1807,,
1808,,
1809,,
1810,,
1811,,
1812,,
1813,,
1814,,
1815,,
1816,,
1817,,
1818,,
1819,,
1820,,
1821,,
1822,,
1823,,
1824,,
1825,,
1826,,
1827,,
1828,,
1829,,
1830,,
1831,,
1832,,
1833,,
1834,,
1835,,
1836,,
1837,,
1838,,
1839,,
1840,,
1841,,
1842,,
1843,,
1844,,
1845,,
1846,,
1847,,
1848,,
1849,,
1850,,
1851,,
1852,,
1853,,
1854,,
1855,,
1856,,
1857,,
1858,,
1859,,
1860,,
1861,,
1862,,
1863,,
1864,,
1865,,
1866,,
1867,,
1868,,
1869,,
1870,,
1871,,
1872,,
1873,,
1874,,
1875,,
1876,,
1877,,
1878,,
1879,,
1880,,
1881,,
1882,,
1883,,
1884,,
1885,,
1886,,
1887,,
1888,,
1889,,
1890,,
1891,,
1892,,
1893,,
1894,,
1895,,
1896,,
1897,,
1898,,
1899,,
1900,,
1901,,
1902,,
1903,,
1904,,
1905,,
1906,,
1907,,
1908,,
1909,,
1910,,
1911,,
1912,,
1913,,
1914,,
1915,,
1916,,
1917,,
1918,,
1919,,
1920,,
1921,,
1922,,
1923,,
1924,,
1925,,
1926,,
1927,,
1928,,
1929,,
1930,,
1931,,
1932,,
1933,,
1934,,
1935,,
1936,,
1937,,
1938,,
1939,,
1940,,
1941,,
1942,,
1943,,
1944,,
1945,,
1946,,
1947,,
1948,,
1949,,
1950,,
1951,,
1952,,
1953,,
1954,,
1955,,
1956,,
1957,,
1958,,
1959,,
1960,,
1961,,
1962,,
1963,,
1964,,
1965,,
1966,,
1967,,
1968,,
1969,,
1970,,
1971,,
1972,,
1973,,
1974,,
1975,,
1976,,
1977,,
1978,,
1979,,
1980,,
1981,,
1982,,
1983,,
1984,,
1985,,
1986,,
1987,,
1988,,
1989,,
1990,,
1991,,
1992,,
1993,,
1994,,
1995,,
1996,,
1997,,
1998,,
1999,,
2000,,
2001,,
2002,,
2003,,
2004,,
2005,,
2006,,
2007,,
2008,,
2009,,
2010,,
2011,,
2012,,
2013,,
2014,,
2015,,
2016,,
2017,,
2018,,
2019,,
2020,,
2021,,
2022,,
2023,,
2024,,
2025,,
2026,,
2027,,
2028,,
2029,,
2030,,
2031,,
2032,,
2033,,
2034,,
2035,,
2036,,
2037,,
2038,,
2039,,
2040,,
2041,,
2042,,
2043,,
2044,,
2045,,
2046,,
2047,,
2048,,
2049,,
2050,,
2051,,
2052,,
2053,,
2054,,
2055,,
2056,,
2057,,
2058,,
2059,,
2060,,
2061,,
2062,,
2063,,
2064,,
2065,,
2066,,
2067,,
2068,,
2069,,
2070,,
2071,,
2072,,
2073,,
2074,,
2075,,
2076,,
2077,,
2078,,
2079,,
2080,,
2081,,
2082,,
2083,,
2084,,
2085,,
2086,,
2087,,
2088,,
2089,,
2090,,
2091,,
2092,,
2093,,
2094,,
2095,,
2096,,
2097,,
2098,,
2099,,
2100,,
2101,,
2102,,
2103,,
2104,,
2105,,
2106,,
2107,,
2108,,
2109,,
2110,,
2111,,
2112,,
2113,,
2114,,
2115,,
2116,,
2117,,
2118,,
2119,,
2120,,
2121,,
2122,,
2123,,
2124,,
2125,,
2126,,
2127,,
2128,,
2129,,
2130,,
2131,,
2132,,
2133,,
2134,,
2135,,
2136,,
2137,,
2138,,
2139,,
2140,,
2141,,
2142,,
2143,,
2144,,
2145,,
2146,,
2147,,
2148,,
2149,,
2150,,
2151,,
2152,,
2153,,
2154,,
2155,,
2156,,
2157,,
2158,,
2159,,
2160,,
2161,,
2162,,
2163,,
2164,,
2165,,
2166,,
2167,,
2168,,
2169,,
2170,,
2171,,
2172,,
2173,,
2174,,
2175,,
2176,,
2177,,
2178,,
2179,,
2180,,
2181,,
2182,,
2183,,
2184,,
2185,,
2186,,
2187,,
2188,,
2189,,
2190,,
2191,,
2192,,
2193,,
2194,,
2195,,
2196,,
2197,,
2198,,
2199,,
2200,,
2201,,
2202,,
2203,,
2204,,
2205,,
2206,,
2207,,
2208,,
2209,,
2210,,
2211,,
2212,,
2213,,
2214,,
2215,,
2216,,
2217,,
2218,,
2219,,
2220,,
2221,,
2222,,
2223,,
2224,,
2225,,
2226,,
2227,,
2228,,
2229,,
2230,,
2231,,
2232,,
2233,,
2234,,
2235,,
2236,,
2237,,
2238,,
2239,,
2240,,
2241,,
2242,,
2243,,
2244,,
2245,,
2246,,
2247,,
2248,,
2249,,
2250,,
2251,,
2252,,
2253,,
2254,,
2255,,
2256,,
2257,,
2258,,
2259,,
2260,,
2261,,
2262,,
2263,,
2264,,
2265,,
2266,,
2267,,
2268,,
2269,,
2270,,
2271,,
2272,,
2273,,
2274,,
2275,,
2276,,
2277,,
2278,,
2279,,
2280,,
2281,,
2282,,
2283,,
2284,,
2285,,
2286,,
2287,,
2288,,
2289,,
2290,,
2291,,
2292,,
2293,,
2294,,
2295,,
2296,,
2297,,
2298,,
2299,,
2300,,
2301,,
2302,,
2303,,
2304,,
2305,,
2306,,
2307,,
2308,,
2309,,
2310,,
2311,,
2312,,
2313,,
2314,,
2315,,
2316,,
2317,,
2318,,
2319,,
2320,,
2321,,
2322,,
2323,,
2324,,
2325,,
2326,,
2327,,
2328,,
2329,,
2330,,
2331,,
2332,,
2333,,
2334,,
2335,,
2336,,
2337,,
2338,,
2339,,
2340,,
2341,,
2342,,
2343,,
2344,,
2345,,
2346,,
2347,,
2348,,
2349,,
2350,,
2351,,
2352,,
2353,,
2354,,
2355,,
2356,,
2357,,
2358,,
2359,,
2360,,
2361,,
2362,,
2363,,
2364,,
2365,,
2366,,
2367,,
2368,,
2369,,
2370,,
2371,,
2372,,
2373,,
2374,,
2375,,
2376,,
2377,,
2378,,
2379,,
2380,,
2381,,
2382,,
2383,,
2384,,
2385,,
2386,,
2387,,
2388,,
2389,,
2390,,
2391,,
2392,,
2393,,
2394,,
2395,,
2396,,
2397,,
2398,,
2399,,
2400,,
2401,,
2402,,
2403,,
2404,,
2405,,
2406,,
2407,,
2408,,
2409,,
2410,,
2411,,
2412,,
2413,,
2414,,
2415,,
2416,,
2417,,
2418,,
2419,,
2420,,
2421,,
2422,,
2423,,
2424,,
2425,,
2426,,
2427,,
2428,,
2429,,
2430,,
2431,,
2432,,
2433,,
2434,,
2435,,
2436,,
2437,,
2438,,
2439,,
2440,,
2441,,
2442,,
2443,,
2444,,
2445,,
2446,,
2447,,
2448,,
2449,,
2450,,
2451,,
2452,,
2453,,
2454,,
2455,,
2456,,
2457,,
2458,,
2459,,
2460,,
2461,,
2462,,
2463,,
2464,,
2465,,
2466,,
2467,,
2468,,
2469,,
2470,,
2471,,
2472,,
2473,,
2474,,
2475,,
2476,,
2477,,
2478,,
2479,,
2480,,
2481,,
2482,,
2483,,
2484,,
2485,,
2486,,
2487,,
2488,,
2489,,
2490,,
2491,,
2492,,
2493,,
2494,,
2495,,
2496,,
2497,,
2498,,
2499,,
2500,,
2501,,
2502,,
2503,,
2504,,
2505,,
2506,,
2507,,
2508,,
2509,,
2510,,
2511,,
2512,,
2513,,
2514,,
2515,,
2516,,
2517,,
2518,,
2519,,
2520,,
2521,,
2522,,
2523,,
2524,,
2525,,
2526,,
2527,,
2528,,
2529,,
2530,,
2531,,
2532,,
2533,,
2534,,
2535,,
2536,,
2537,,
2538,,
2539,,
2540,,
2541,,
2542,,
2543,,
2544,,
2545,,
2546,,
2547,,
2548,,
2549,,
2550,,
2551,,
2552,,
2553,,
2554,,
2555,,
2556,,
2557,,
2558,,
2559,,
2560,,
2561,,
2562,,
2563,,
2564,,
2565,,
2566,,
2567,,
2568,,
2569,,
2570,,
2571,,
2572,,
2573,,
2574,,
2575,,
2576,,
2577,,
2578,,
2579,,
2580,,
2581,,
2582,,
2583,,
2584,,
2585,,
2586,,
2587,,
2588,,
2589,,
2590,,
2591,,
2592,,
2593,,
2594,,
2595,,
2596,,
2597,,
2598,,
2599,,
2600,,
2601,,
2602,,
2603,,
2604,,
2605,,
2606,,
2607,,
2608,,
2609,,
2610,,
2611,,
2612,,
2613,,
2614,,
2615,,
2616,,
2617,,
2618,,
2619,,
2620,,
2621,,
2622,,
2623,,
2624,,
2625,,
2626,,
2627,,
2628,,
2629,,
2630,,
2631,,
2632,,
2633,,
2634,,
2635,,
2636,,
2637,,
2638,,
2639,,
2640,,
2641,,
2642,,
2643,,
2644,,
2645,,
2646,,
2647,,
2648,,
2649,,
2650,,
2651,,
2652,,
2653,,
2654,,
2655,,
2656,,
2657,,
2658,,
2659,,
2660,,
2661,,
2662,,
2663,,
2664,,
2665,,
2666,,
2667,,
2668,,
2669,,
2670,,
2671,,
2672,,
2673,,
2674,,
2675,,
2676,,
2677,,
2678,,
2679,,
2680,,
2681,,
2682,,
2683,,
2684,,
2685,,
2686,,
2687,,
2688,,
2689,,
2690,,
2691,,
2692,,
2693,,
2694,,
2695,,
2696,,
2697,,
2698,,
2699,,
2700,,
2701,,
2702,,
2703,,
2704,,
2705,,
2706,,
2707,,
2708,,
2709,,
2710,,
2711,,
2712,,
2713,,
2714,,
2715,,
2716,,
2717,,
2718,,
2719,,
2720,,
2721,,
2722,,
2723,,
2724,,
2725,,
2726,,
2727,,
2728,,
2729,,
2730,,
2731,,
2732,,
2733,,
2734,,
2735,,
2736,,
2737,,
2738,,
2739,,
2740,,
2741,,
2742,,
2743,,
2744,,
2745,,
2746,,
2747,,
2748,,
2749,,
2750,,
2751,,
2752,,
2753,,
2754,,
2755,,
2756,,
2757,,
2758,,
2759,,
2760,,
2761,,
2762,,
2763,,
2764,,
2765,,
2766,,
2767,,
2768,,
2769,,
2770,,
2771,,
2772,,
2773,,
2774,,
2775,,
2776,,
2777,,
2778,,
2779,,
2780,,
2781,,
2782,,
2783,,
2784,,
2785,,
2786,,
2787,,
2788,,
2789,,
2790,,
2791,,
2792,,
2793,,
2794,,
2795,,
2796,,
2797,,
2798,,
2799,,
2800,,
2801,,
2802,,
2803,,
2804,,
2805,,
2806,,
2807,,
2808,,
2809,,
2810,,
2811,,
2812,,
2813,,
2814,,
2815,,
2816,,
2817,,
2818,,
2819,,
2820,,
2821,,
2822,,
2823,,
2824,,
2825,,
2826,,
2827,,
2828,,
2829,,
2830,,
2831,,
2832,,
2833,,
2834,,
2835,,
2836,,
2837,,
2838,,
2839,,
2840,,
2841,,
2842,,
2843,,
2844,,
2845,,
2846,,
2847,,
2848,,
2849,,
2850,,
2851,,
2852,,
2853,,
2854,,
2855,,
2856,,
2857,,
2858,,
2859,,
2860,,
2861,,
2862,,
2863,,
2864,,
2865,,
2866,,
2867,,
2868,,
2869,,
2870,,
2871,,
2872,,
2873,,
2874,,
2875,,
2876,,
2877,,
2878,,
2879,,
2880,,
2881,,
2882,,
2883,,
2884,,
2885,,
2886,,
2887,,
2888,,
2889,,
2890,,
2891,,
2892,,
2893,,
2894,,
2895,,
2896,,
2897,,
2898,,
2899,,
2900,,
2901,,
2902,,
2903,,
2904,,
2905,,
2906,,
2907,,
2908,,
2909,,
2910,,
2911,,
2912,,
2913,,
2914,,
2915,,
2916,,
2917,,
2918,,
2919,,
2920,,
2921,,
2922,,
2923,,
2924,,
2925,,
2926,,
2927,,
2928,,
2929,,
2930,,
2931,,
2932,,
2933,,
2934,,
2935,,
2936,,
2937,,
2938,,
2939,,
2940,,
2941,,
2942,,
2943,,
2944,,
2945,,
2946,,
2947,,
2948,,
2949,,
2950,,
2951,,
2952,,
2953,,
2954,,
2955,,
2956,,
2957,,
2958,,
2959,,
2960,,
2961,,
2962,,
2963,,
2964,,
2965,,
2966,,
2967,,
2968,,
2969,,
2970,,
2971,,
2972,,
2973,,
2974,,
2975,,
2976,,
2977,,
2978,,
2979,,
2980,,
2981,,
2982,,
2983,,
2984,,
2985,,
2986,,
2987,,
2988,,
2989,,
2990,,
2991,,
2992,,
2993,,
2994,,
2995,,
2996,,
2997,,
2998,,
2999,,
3000,,
3001,,
3002,,
3003,,
3004,,
3005,,
3006,,
3007,,
3008,,
3009,,
3010,,
3011,,
3012,,
3013,,
3014,,
3015,,
3016,,
3017,,
3018,,
3019,,
3020,,
3021,,
3022,,
3023,,
3024,,
3025,,
3026,,
3027,,
3028,,
3029,,
3030,,
3031,,
3032,,
3033,,
3034,,
3035,,
3036,,
3037,,
3038,,
3039,,
3040,,
3041,,
3042,,
3043,,
3044,,
3045,,
3046,,
3047,,
3048,,
3049,,
3050,,
3051,,
3052,,
3053,,
3054,,
3055,,
3056,,
3057,,
3058,,
3059,,
3060,,
3061,,
3062,,
3063,,
3064,,
3065,,
3066,,
3067,,
3068,,
3069,,
3070,,
3071,,
3072,,
3073,,
3074,,
3075,,
3076,,
3077,,
3078,,
3079,,
3080,,
3081,,
3082,,
3083,,
3084,,
3085,,
3086,,
3087,,
3088,,
3089,,
3090,,
3091,,
3092,,
3093,,
3094,,
3095,,
3096,,
3097,,
3098,,
3099,,
3100,,
3101,,
3102,,
3103,,
3104,,
3105,,
3106,,
3107,,
3108,,
3109,,
3110,,
3111,,
3112,,
3113,,
3114,,
3115,,
3116,,
3117,,
3118,,
3119,,
3120,,
3121,,
3122,,
3123,,
3124,,
3125,,
3126,,
3127,,
3128,,
3129,,
3130,,
3131,,
3132,,
3133,,
3134,,
3135,,
3136,,
3137,,
3138,,
3139,,
3140,,
3141,,
3142,,
3143,,
3144,,
3145,,
3146,,
3147,,
3148,,
3149,,
3150,,
3151,,
3152,,
3153,,
3154,,
3155,,
3156,,
3157,,
3158,,
3159,,
3160,,
3161,,
3162,,
3163,,
3164,,
3165,,
3166,,
3167,,
3168,,
3169,,
3170,,
3171,,
3172,,
3173,,
3174,,
3175,,
3176,,
3177,,
3178,,
3179,,
3180,,
3181,,
3182,,
3183,,
3184,,
3185,,
3186,,
3187,,
3188,,
3189,,
3190,,
3191,,
3192,,
3193,,
3194,,
3195,,
3196,,
3197,,
3198,,
3199,,
3200,,
3201,,
3202,,
3203,,
3204,,
3205,,
3206,,
3207,,
3208,,
3209,,
3210,,
3211,,
3212,,
3213,,
3214,,
3215,,
3216,,
3217,,
3218,,
3219,,
3220,,
3221,,
3222,,
3223,,
3224,,
3225,,
3226,,
3227,,
3228,,
3229,,
3230,,
3231,,
3232,,
3233,,
3234,,
3235,,
3236,,
3237,,
3238,,
3239,,
3240,,
3241,,
3242,,
3243,,
3244,,
3245,,
3246,,
3247,,
3248,,
3249,,
3250,,
3251,,
3252,,
3253,,
3254,,
3255,,
3256,,
3257,,
3258,,
3259,,
3260,,
3261,,
3262,,
3263,,
3264,,
3265,,
3266,,
3267,,
3268,,
3269,,
3270,,
3271,,
3272,,
3273,,
3274,,
3275,,
3276,,
3277,,
3278,,
3279,,
3280,,
3281,,
3282,,
3283,,
3284,,
3285,,
3286,,
3287,,
3288,,
3289,,
3290,,
3291,,
3292,,
3293,,
3294,,
3295,,
3296,,
3297,,
3298,,
3299,,
3300,,
3301,,
3302,,
3303,,
3304,,
3305,,
3306,,
3307,,
3308,,
3309,,
3310,,
3311,,
3312,,
3313,,
3314,,
3315,,
3316,,
3317,,
3318,,
3319,,
3320,,
3321,,
3322,,
3323,,
3324,,
3325,,
3326,,
3327,,
3328,,
3329,,
3330,,
3331,,
3332,,
3333,,
3334,,
3335,,
3336,,
3337,,
3338,,
3339,,
3340,,
3341,,
3342,,
3343,,
3344,,
3345,,
3346,,
3347,,
3348,,
3349,,
3350,,
3351,,
3352,,
3353,,
3354,,
3355,,
3356,,
3357,,
3358,,
3359,,
3360,,
3361,,
3362,,
3363,,
3364,,
3365,,
3366,,
3367,,
3368,,
3369,,
3370,,
3371,,
3372,,
3373,,
3374,,
3375,,
3376,,
3377,,
3378,,
3379,,
3380,,
3381,,
3382,,
3383,,
3384,,
3385,,
3386,,
3387,,
3388,,
3389,,
3390,,
3391,,
3392,,
3393,,
3394,,
3395,,
3396,,
3397,,
3398,,
3399,,
3400,,
3401,,
3402,,
3403,,
3404,,
3405,,
3406,,
3407,,
3408,,
3409,,
3410,,
3411,,
3412,,
3413,,
3414,,
3415,,
3416,,
3417,,
3418,,
3419,,
3420,,
3421,,
3422,,
3423,,
3424,,
3425,,
3426,,
3427,,
3428,,
3429,,
3430,,
3431,,
3432,,
3433,,
3434,,
3435,,
3436,,
3437,,
3438,,
3439,,
3440,,
3441,,
3442,,
3443,,
3444,,
3445,,
3446,,
3447,,
3448,,
3449,,
3450,,
3451,,
3452,,
3453,,
3454,,
3455,,
3456,,
3457,,
3458,,
3459,,
3460,,
3461,,
3462,,
3463,,
3464,,
3465,,
3466,,
3467,,
3468,,
3469,,
3470,,
3471,,
3472,,
3473,,
3474,,
3475,,
3476,,
3477,,
3478,,
3479,,
3480,,
3481,,
3482,,
3483,,
3484,,
3485,,
3486,,
3487,,
3488,,
3489,,
3490,,
3491,,
3492,,
3493,,
3494,,
3495,,
3496,,
3497,,
3498,,
3499,,
3500,,
3501,,
3502,,
3503,,
3504,,
3505,,
3506,,
3507,,
3508,,
3509,,
3510,,
3511,,
3512,,
3513,,
3514,,
3515,,
3516,,
3517,,
3518,,
3519,,
3520,,
3521,,
3522,,
3523,,
3524,,
3525,,
3526,,
3527,,
3528,,
3529,,
3530,,
3531,,
3532,,
3533,,
3534,,
3535,,
3536,,
3537,,
3538,,
3539,,
3540,,
3541,,
3542,,
3543,,
3544,,
3545,,
3546,,
3547,,
3548,,
3549,,
3550,,
3551,,
3552,,
3553,,
3554,,
3555,,
3556,,
3557,,
3558,,
3559,,
3560,,
3561,,
3562,,
3563,,
3564,,
3565,,
3566,,
3567,,
3568,,
3569,,
3570,,
3571,,
3572,,
3573,,
3574,,
3575,,
3576,,
3577,,
3578,,
3579,,
3580,,
3581,,
3582,,
3583,,
3584,,
3585,,
3586,,
3587,,
3588,,
3589,,
3590,,
3591,,
3592,,
3593,,
3594,,
3595,,
3596,,
3597,,
3598,,
3599,,
3600,,
3601,,
3602,,
3603,,
3604,,
3605,,
3606,,
3607,,
3608,,
3609,,
3610,,
3611,,
3612,,
3613,,
3614,,
3615,,
3616,,
3617,,
3618,,
3619,,
3620,,
3621,,
3622,,
3623,,
3624,,
3625,,
3626,,
3627,,
3628,,
3629,,
3630,,
3631,,
3632,,
3633,,
3634,,
3635,,
3636,,
3637,,
3638,,
3639,,
3640,,
3641,,
3642,,
3643,,
3644,,
3645,,
3646,,
3647,,
3648,,
3649,,
3650,,
3651,,
3652,,
3653,,
3654,,
3655,,
3656,,
3657,,
3658,,
3659,,
3660,,
3661,,
3662,,
3663,,
3664,,
3665,,
3666,,
3667,,
3668,,
3669,,
3670,,
3671,,
3672,,
3673,,
3674,,
3675,,
3676,,
3677,,
3678,,
3679,,
3680,,
3681,,
3682,,
3683,,
3684,,
3685,,
3686,,
3687,,
3688,,
3689,,
3690,,
3691,,
3692,,
3693,,
3694,,
3695,,
3696,,
3697,,
3698,,
3699,,
3700,,
3701,,
3702,,
3703,,
3704,,
3705,,
3706,,
3707,,
3708,,
3709,,
3710,,
3711,,
3712,,
3713,,
3714,,
3715,,
3716,,
3717,,
3718,,
3719,,
3720,,
3721,,
3722,,
3723,,
3724,,
3725,,
3726,,
3727,,
3728,,
3729,,
3730,,
3731,,
3732,,
3733,,
3734,,
3735,,
3736,,
3737,,
3738,,
3739,,
3740,,
3741,,
3742,,
3743,,
3744,,
3745,,
3746,,
3747,,
3748,,
3749,,
3750,,
3751,,
3752,,
3753,,
3754,,
3755,,
3756,,
3757,,
3758,,
3759,,
3760,,
3761,,
3762,,
3763,,
3764,,
3765,,
3766,,
3767,,
3768,,
3769,,
3770,,
3771,,
3772,,
3773,,
3774,,
3775,,
3776,,
3777,,
3778,,
3779,,
3780,,
3781,,
3782,,
3783,,
3784,,
3785,,
3786,,
3787,,
3788,,
3789,,
3790,,
3791,,
3792,,
3793,,
3794,,
3795,,
3796,,
3797,,
3798,,
3799,,
3800,,
3801,,
3802,,
3803,,
3804,,
3805,,
3806,,
3807,,
3808,,
3809,,
3810,,
3811,,
3812,,
3813,,
3814,,
3815,,
3816,,
3817,,
3818,,
3819,,
3820,,
3821,,
3822,,
3823,,
3824,,
3825,,
3826,,
3827,,
3828,,
3829,,
3830,,
3831,,
3832,,
3833,,
3834,,
3835,,
3836,,
3837,,
3838,,
3839,,
3840,,
3841,,
3842,,
3843,,
3844,,
3845,,
3846,,
3847,,
3848,,
3849,,
3850,,
3851,,
3852,,
3853,,
3854,,
3855,,
3856,,
3857,,
3858,,
3859,,
3860,,
3861,,
3862,,
3863,,
3864,,
3865,,
3866,,
3867,,
3868,,
3869,,
3870,,
3871,,
3872,,
3873,,
3874,,
3875,,
3876,,
3877,,
3878,,
3879,,
3880,,
3881,,
3882,,
3883,,
3884,,
3885,,
3886,,
3887,,
3888,,
3889,,
3890,,
3891,,
3892,,
3893,,
3894,,
3895,,
3896,,
3897,,
3898,,
3899,,
3900,,
3901,,
3902,,
3903,,
3904,,
3905,,
3906,,
3907,,
3908,,
3909,,
3910,,
3911,,
3912,,
3913,,
3914,,
3915,,
3916,,
3917,,
3918,,
3919,,
3920,,
3921,,
3922,,
3923,,
3924,,
3925,,
3926,,
3927,,
3928,,
3929,,
3930,,
3931,,
3932,,
3933,,
3934,,
3935,,
3936,,
3937,,
3938,,
3939,,
3940,,
3941,,
3942,,
3943,,
3944,,
3945,,
3946,,
3947,,
3948,,
3949,,
3950,,
3951,,
3952,,
3953,,
3954,,
3955,,
3956,,
3957,,
3958,,
3959,,
3960,,
3961,,
3962,,
3963,,
3964,,
3965,,
3966,,
3967,,
3968,,
3969,,
3970,,
3971,,
3972,,
3973,,
3974,,
3975,,
3976,,
3977,,
3978,,
3979,,
3980,,
3981,,
3982,,
3983,,
3984,,
3985,,
3986,,
3987,,
3988,,
3989,,
3990,,
3991,,
3992,,
3993,,
3994,,
3995,,
3996,,
3997,,
3998,,
3999,,
4000,,
4001,,
4002,,
4003,,
4004,,
4005,,
4006,,
4007,,
4008,,
4009,,
4010,,
4011,,
4012,,
4013,,
4014,,
4015,,
4016,,
4017,,
4018,,
4019,,
4020,,
4021,,
4022,,
4023,,
4024,,
4025,,
4026,,
4027,,
4028,,
4029,,
4030,,
4031,,
4032,,
4033,,
4034,,
4035,,
4036,,
4037,,
4038,,
4039,,
4040,,
4041,,
4042,,
4043,,
4044,,
4045,,
4046,,
4047,,
4048,,
4049,,
4050,,
4051,,
4052,,
4053,,
4054,,
4055,,
4056,,
4057,,
4058,,
4059,,
4060,,
4061,,
4062,,
4063,,
4064,,
4065,,
4066,,
4067,,
4068,,
4069,,
4070,,
4071,,
4072,,
4073,,
4074,,
4075,,
4076,,
4077,,
4078,,
4079,,
4080,,
4081,,
4082,,
4083,,
4084,,
4085,,
4086,,
4087,,
4088,,
4089,,
4090,,
4091,,
4092,,
4093,,
4094,,
4095,,
4096,,
4097,,
4098,,
4099,,
4100,,
4101,,
4102,,
4103,,
4104,,
4105,,
4106,,
4107,,
4108,,
4109,,
4110,,
4111,,
4112,,
4113,,
4114,,
4115,,
4116,,
4117,,
4118,,
4119,,
4120,,
4121,,
4122,,
4123,,
4124,,
4125,,
4126,,
4127,,
4128,,
4129,,
4130,,
4131,,
4132,,
4133,,
4134,,
4135,,
4136,,
4137,,
4138,,
4139,,
4140,,
4141,,
4142,,
4143,,
4144,,
4145,,
4146,,
4147,,
4148,,
4149,,
4150,,
4151,,
4152,,
4153,,
4154,,
4155,,
4156,,
4157,,
4158,,
4159,,
4160,,
4161,,
4162,,
4163,,
4164,,
4165,,
4166,,
4167,,
4168,,
4169,,
4170,,
4171,,
4172,,
4173,,
4174,,
4175,,
4176,,
4177,,
4178,,
4179,,
4180,,
4181,,
4182,,
4183,,
4184,,
4185,,
4186,,
4187,,
4188,,
4189,,
4190,,
4191,,
4192,,
4193,,
4194,,
4195,,
4196,,
4197,,
4198,,
4199,,
4200,,
4201,,
4202,,
4203,,
4204,,
4205,,
4206,,
4207,,
4208,,
4209,,
4210,,
4211,,
4212,,
4213,,
4214,,
4215,,
4216,,
4217,,
4218,,
4219,,
4220,,
4221,,
4222,,
4223,,
4224,,
4225,,
4226,,
4227,,
4228,,
4229,,
4230,,
4231,,
4232,,
4233,,
4234,,
4235,,
4236,,
4237,,
4238,,
4239,,
4240,,
4241,,
4242,,
4243,,
4244,,
4245,,
4246,,
4247,,
4248,,
4249,,
4250,,
4251,,
4252,,
4253,,
4254,,
4255,,
4256,,
4257,,
4258,,
4259,,
4260,,
4261,,
4262,,
4263,,
4264,,
4265,,
4266,,
4267,,
4268,,
4269,,
4270,,
4271,,
4272,,
4273,,
4274,,
4275,,
4276,,
4277,,
4278,,
4279,,
4280,,
4281,,
4282,,
4283,,
4284,,
4285,,
4286,,
4287,,
4288,,
4289,,
4290,,
4291,,
4292,,
4293,,
4294,,
4295,,
4296,,
4297,,
4298,,
4299,,
4300,,
4301,,
4302,,
4303,,
4304,,
4305,,
4306,,
4307,,
4308,,
4309,,
4310,,
4311,,
4312,,
4313,,
4314,,
4315,,
4316,,
4317,,
4318,,
4319,,
4320,,
4321,,
4322,,
4323,,
4324,,
4325,,
4326,,
4327,,
4328,,
4329,,
4330,,
4331,,
4332,,
4333,,
4334,,
4335,,
4336,,
4337,,
4338,,
4339,,
4340,,
4341,,
4342,,
4343,,
4344,,
4345,,
4346,,
4347,,
4348,,
4349,,
4350,,
4351,,
4352,,
4353,,
4354,,
4355,,
4356,,
4357,,
4358,,
4359,,
4360,,
4361,,
4362,,
4363,,
4364,,
4365,,
4366,,
4367,,
4368,,
4369,,
4370,,
4371,,
4372,,
4373,,
4374,,
4375,,
4376,,
4377,,
4378,,
4379,,
4380,,
4381,,
4382,,
4383,,
4384,,
4385,,
4386,,
4387,,
4388,,
4389,,
4390,,
4391,,
4392,,
4393,,
4394,,
4395,,
4396,,
4397,,
4398,,
4399,,
4400,,
4401,,
4402,,
4403,,
4404,,
4405,,
4406,,
4407,,
4408,,
4409,,
4410,,
4411,,
4412,,
4413,,
4414,,
4415,,
4416,,
4417,,
4418,,
4419,,
4420,,
4421,,
4422,,
4423,,
4424,,
4425,,
4426,,
4427,,
4428,,
4429,,
4430,,
4431,,
4432,,
4433,,
4434,,
4435,,
4436,,
4437,,
4438,,
4439,,
4440,,
4441,,
4442,,
4443,,
4444,,
4445,,
4446,,
4447,,
4448,,
4449,,
4450,,
4451,,
4452,,
4453,,
4454,,
4455,,
4456,,
4457,,
4458,,
4459,,
4460,,
4461,,
4462,,
4463,,
4464,,
4465,,
4466,,
4467,,
4468,,
4469,,
4470,,
4471,,
4472,,
4473,,
4474,,
4475,,
4476,,
4477,,
4478,,
4479,,
4480,,
4481,,
4482,,
4483,,
4484,,
4485,,
4486,,
4487,,
4488,,
4489,,
4490,,
4491,,
4492,,
4493,,
4494,,
4495,,
4496,,
4497,,
4498,,
4499,,
4500,,
4501,,
4502,,
4503,,
4504,,
4505,,
4506,,
4507,,
4508,,
4509,,
4510,,
4511,,
4512,,
4513,,
4514,,
4515,,
4516,,
4517,,
4518,,
4519,,
4520,,
4521,,
4522,,
4523,,
4524,,
4525,,
4526,,
4527,,
4528,,
4529,,
4530,,
4531,,
4532,,
4533,,
4534,,
4535,,
4536,,
4537,,
4538,,
4539,,
4540,,
4541,,
4542,,
4543,,
4544,,
4545,,
4546,,
4547,,
4548,,
4549,,
4550,,
4551,,
4552,,
4553,,
4554,,
4555,,
4556,,
4557,,
4558,,
4559,,
4560,,
4561,,
4562,,
4563,,
4564,,
4565,,
4566,,
4567,,
4568,,
4569,,
4570,,
4571,,
4572,,
4573,,
4574,,
4575,,
4576,,
4577,,
4578,,
4579,,
4580,,
4581,,
4582,,
4583,,
4584,,
4585,,
4586,,
4587,,
4588,,
4589,,
4590,,
4591,,
4592,,
4593,,
4594,,
4595,,
4596,,
4597,,
4598,,
4599,,
4600,,
4601,,
4602,,
4603,,
4604,,
4605,,
4606,,
4607,,
4608,,
4609,,
4610,,
4611,,
4612,,
4613,,
4614,,
4615,,
4616,,
4617,,
4618,,
4619,,
4620,,
4621,,
4622,,
4623,,
4624,,
4625,,
4626,,
4627,,
4628,,
4629,,
4630,,
4631,,
4632,,
4633,,
4634,,
4635,,
4636,,
4637,,
4638,,
4639,,
4640,,
4641,,
4642,,
4643,,
4644,,
4645,,
4646,,
4647,,
4648,,
4649,,
4650,,
4651,,
4652,,
4653,,
4654,,
4655,,
4656,,
4657,,
4658,,
4659,,
4660,,
4661,,
4662,,
4663,,
4664,,
4665,,
4666,,
4667,,
4668,,
4669,,
4670,,
4671,,
4672,,
4673,,
4674,,
4675,,
4676,,
4677,,
4678,,
4679,,
4680,,
4681,,
4682,,
4683,,
4684,,
4685,,
4686,,
4687,,
4688,,
4689,,
4690,,
4691,,
4692,,
4693,,
4694,,
4695,,
4696,,
4697,,
4698,,
4699,,
4700,,
4701,,
4702,,
4703,,
4704,,
4705,,
4706,,
4707,,
4708,,
4709,,
4710,,
4711,,
4712,,
4713,,
4714,,
4715,,
4716,,
4717,,
4718,,
4719,,
4720,,
4721,,
4722,,
4723,,
4724,,
4725,,
4726,,
4727,,
4728,,
4729,,
4730,,
4731,,
4732,,
4733,,
4734,,
4735,,
4736,,
4737,,
4738,,
4739,,
4740,,
4741,,
4742,,
4743,,
4744,,
4745,,
4746,,
4747,,
4748,,
4749,,
4750,,
4751,,
4752,,
4753,,
4754,,
4755,,
4756,,
4757,,
4758,,
4759,,
4760,,
4761,,
4762,,
4763,,
4764,,
4765,,
4766,,
4767,,
4768,,
4769,,
4770,,
4771,,
4772,,
4773,,
4774,,
4775,,
4776,,
4777,,
4778,,
4779,,
4780,,
4781,,
4782,,
4783,,
4784,,
4785,,
4786,,
4787,,
4788,,
4789,,
4790,,
4791,,
4792,,
4793,,
4794,,
4795,,
4796,,
4797,,
4798,,
4799,,
4800,,
4801,,
4802,,
4803,,
4804,,
4805,,
4806,,
4807,,
4808,,
4809,,
4810,,
4811,,
4812,,
4813,,
4814,,
4815,,
4816,,
4817,,
4818,,
4819,,
4820,,
4821,,
4822,,
4823,,
4824,,
4825,,
4826,,
4827,,
4828,,
4829,,
4830,,
4831,,
4832,,
4833,,
4834,,
4835,,
4836,,
4837,,
4838,,
4839,,
4840,,
4841,,
4842,,
4843,,
4844,,
4845,,
4846,,
4847,,
4848,,
4849,,
4850,,
4851,,
4852,,
4853,,
4854,,
4855,,
4856,,
4857,,
4858,,
4859,,
4860,,
4861,,
4862,,
4863,,
4864,,
4865,,
4866,,
4867,,
4868,,
4869,,
4870,,
4871,,
4872,,
4873,,
4874,,
4875,,
4876,,
4877,,
4878,,
4879,,
4880,,
4881,,
4882,,
4883,,
4884,,
4885,,
4886,,
4887,,
4888,,
4889,,
4890,,
4891,,
4892,,
4893,,
4894,,
4895,,
4896,,
4897,,
4898,,
4899,,
4900,,
4901,,
4902,,
4903,,
4904,,
4905,,
4906,,
4907,,
4908,,
4909,,
4910,,
4911,,
4912,,
4913,,
4914,,
4915,,
4916,,
4917,,
4918,,
4919,,
4920,,
4921,,
4922,,
4923,,
4924,,
4925,,
4926,,
4927,,
4928,,
4929,,
4930,,
4931,,
4932,,
4933,,
4934,,
4935,,
4936,,
4937,,
4938,,
4939,,
4940,,
4941,,
4942,,
4943,,
4944,,
4945,,
4946,,
4947,,
4948,,
4949,,
4950,,
4951,,
4952,,
4953,,
4954,,
4955,,
4956,,
4957,,
4958,,
4959,,
4960,,
4961,,
4962,,
4963,,
4964,,
4965,,
4966,,
4967,,
4968,,
4969,,
4970,,
4971,,
4972,,
4973,,
4974,,
4975,,
4976,,
4977,,
4978,,
4979,,
4980,,
4981,,
4982,,
4983,,
4984,,
4985,,
4986,,
4987,,
4988,,
4989,,
4990,,
4991,,
4992,,
4993,,
4994,,
4995,,
4996,,
4997,,
4998,,
4999,,
5000,,
5001,,
5002,,
5003,,
5004,,
5005,,
5006,,
5007,,
5008,,
5009,,
5010,,
5011,,
5012,,
5013,,
5014,,
5015,,
5016,,
5017,,
5018,,
5019,,
5020,,
5021,,
5022,,
5023,,
5024,,
5025,,
5026,,
5027,,
5028,,
5029,,
5030,,
5031,,
5032,,
5033,,
5034,,
5035,,
5036,,
5037,,
5038,,
5039,,
5040,,
5041,,
5042,,
5043,,
5044,,
5045,,
5046,,
5047,,
5048,,
5049,,
5050,,
5051,,
5052,,
5053,,
5054,,
5055,,
5056,,
5057,,
5058,,
5059,,
5060,,
5061,,
5062,,
5063,,
5064,,
5065,,
5066,,
5067,,
5068,,
5069,,
5070,,
5071,,
5072,,
5073,,
5074,,
5075,,
5076,,
5077,,
5078,,
5079,,
5080,,
5081,,
5082,,
5083,,
5084,,
5085,,
5086,,
5087,,
5088,,
5089,,
5090,,
5091,,
5092,,
5093,,
5094,,
5095,,
5096,,
5097,,
5098,,
5099,,
5100,,
5101,,
5102,,
5103,,
5104,,
5105,,
5106,,
5107,,
5108,,
5109,,
5110,,
5111,,
5112,,
5113,,
5114,,
5115,,
5116,,
5117,,
5118,,
5119,,
5120,,
5121,,
5122,,
5123,,
5124,,
5125,,
5126,,
5127,,
5128,,
5129,,
5130,,
5131,,
5132,,
5133,,
5134,,
5135,,
5136,,
5137,,
5138,,
5139,,
5140,,
5141,,
5142,,
5143,,
5144,,
5145,,
5146,,
5147,,
5148,,
5149,,
5150,,
5151,,
5152,,
5153,,
5154,,
5155,,
5156,,
5157,,
5158,,
5159,,
5160,,
5161,,
5162,,
5163,,
5164,,
5165,,
5166,,
5167,,
5168,,
5169,,
5170,,
5171,,
5172,,
5173,,
5174,,
5175,,
5176,,
5177,,
5178,,
5179,,
5180,,
5181,,
5182,,
5183,,
5184,,
5185,,
5186,,
5187,,
5188,,
5189,,
5190,,
5191,,
5192,,
5193,,
5194,,
5195,,
5196,,
5197,,
5198,,
5199,,
5200,,
5201,,
5202,,
5203,,
5204,,
5205,,
5206,,
5207,,
5208,,
5209,,
5210,,
5211,,
5212,,
5213,,
5214,,
5215,,
5216,,
5217,,
5218,,
5219,,
5220,,
5221,,
5222,,
5223,,
5224,,
5225,,
5226,,
5227,,
5228,,
5229,,
5230,,
5231,,
5232,,
5233,,
5234,,
5235,,
5236,,
5237,,
5238,,
5239,,
5240,,
5241,,
5242,,
5243,,
5244,,
5245,,
5246,,
5247,,
5248,,
5249,,
